element_key,latitude,longitude
1001,47.6028623746714,-122.33470308184
1002,47.60299736610535,-122.334538261994
1005,47.603601932813,-122.335382021038
1006,47.6037254824192,-122.33517087827902
1009,47.605009553744495,-122.336669169258
1010,47.6052725843599,-122.33658563664301
1013,47.6063782521347,-122.337960165173
1014,47.6065692922356,-122.337810819965
1017,47.610496778598005,-122.34183100356
1018,47.610755608895595,-122.341899260172
1021,47.6121366367352,-122.344621807416
1022,47.612180735804394,-122.344296008114
1025,47.614370455083304,-122.34840534648401
1026,47.61453873368529,-122.34828959083801
1029,47.6164981740146,-122.35201029812201
1030,47.6166733251306,-122.35187547840901
1033,47.6173252883813,-122.353400009213
1034,47.617549556426,-122.353379319452
1037,47.6214781356596,-122.355530715539
1041,47.6223033078158,-122.35552391511301
1045,47.624027794482345,-122.355513871049
1046,47.6239422436797,-122.3552996479605
1213,47.6013507900301,-122.334301495055
1214,47.60131760050349,-122.334058409334
1217,47.6003669190931,-122.334305227444
1218,47.600582354069005,-122.334061152736
1222,47.5958179498233,-122.334040471448
1229,47.6119812804072,-122.319476633108
1233,47.6146560758954,-122.319573568428
1234,47.614709848176396,-122.319331156984
1277,47.621614898691696,-122.35812835204251
1278,47.6215691389732,-122.357950303487
1281,47.6253460766185,-122.35810846841501
1433,47.66395503572604,-122.31644479184966
1577,47.6097246380501,-122.316901328673
1578,47.609880550426695,-122.3166580052
1589,47.615832154867896,-122.316980842831
1590,47.6158885932089,-122.31674657146701
1601,47.66034280015265,-122.3155686665325
1602,47.66045021631559,-122.31535479524467
1821,47.6147470972343,-122.31560910600601
2054,47.6149146437628,-122.31268356606401
2085,47.6589503975327,-122.312119097562
2089,47.663912743476295,-122.31205014035767
2090,47.66397342214083,-122.311858444471
2781,47.615630761796496,-122.348540730211
2782,47.6156992111992,-122.348280734561
2785,47.616691368727395,-122.350346317057
2786,47.6168509523425,-122.350209698444
2789,47.6178021917963,-122.35225586112001
2790,47.6180099721782,-122.352169950963
2793,47.620310254686494,-122.35295550038701
2797,47.6248659046263,-122.352919492045
2798,47.6249879734386,-122.35265083028202
2921,47.60047530370309,-122.33171439812101
2922,47.6005733275088,-122.33142236615001
2925,47.5994248275221,-122.33171840616102
2926,47.599454165015594,-122.331430477071
2986,47.599729825181896,-122.32999322310602
3081,47.6688837616804,-122.382238684639
3082,47.6690528088099,-122.382018789393
3337,47.667183722158796,-122.38484466063701
3338,47.666773056633,-122.384643349528
3341,47.669123838115496,-122.38486562332601
3342,47.6691070288154,-122.384622167754
4433,47.6129323297656,-122.34197473865201
4434,47.612992758599695,-122.341695083241
4437,47.61621643967779,-122.34752935857401
4438,47.6164002300592,-122.347458339466
4441,47.617853149289594,-122.35030436115001
4442,47.6179919075935,-122.35015716139901
4445,47.625274411663696,-122.351599202309
6166,47.6019934467038,-122.32900753521301
6197,47.617552542528,-122.34783772346101
6198,47.617644879158696,-122.34756269446001
7246,47.6054089588108,-122.330623842682
7257,47.614036169415,-122.33987512432901
7258,47.614169537728,-122.33971881790401
7261,47.6148254309933,-122.341240930159
7262,47.614963962021896,-122.34105639482101
7265,47.6181396640457,-122.346816883521
7397,47.5971253968412,-122.32779119716001
7398,47.5968672918765,-122.32756588354201
7989,47.6096153292157,-122.333188116673
7990,47.6096909579099,-122.33300941972502
7997,47.614062419627096,-122.337961494436
7998,47.61429008934601,-122.33794608945
8001,47.614662783482196,-122.33899497122
8002,47.6150805198137,-122.33925795573501
8005,47.6155644863128,-122.340537862283
8097,47.5996495190193,-122.32646808768801
8098,47.599605365952094,-122.326249394508
8101,47.5963075115004,-122.32647325382601
8102,47.5962415539261,-122.326270867465
8242,47.6058775222148,-122.327975318221
8249,47.6147345752202,-122.33707591628
8301,47.597951059425895,-122.32387678783
8302,47.597928808629796,-122.323641788409
8305,47.597172389505005,-122.323896000473
8306,47.5970912718071,-122.323620731888
8369,47.6055397718641,-122.3263950127
8370,47.6054839598326,-122.32609131512201
8373,47.6061896792134,-122.32697542453101
8374,47.6062017323393,-122.326762388327
8377,47.6068462218245,-122.327571349359
8378,47.6068954245445,-122.327392320338
8382,47.6076630391445,-122.328099028786
8389,47.6144663008851,-122.33478026531901
8393,47.61738133717069,-122.33965461803301
8394,47.6178104565659,-122.339918407802
8397,47.6182223395223,-122.34100890435901
8398,47.6182663150194,-122.34068917428101
8401,47.623862269164746,-122.34117959469302
8402,47.62392078301164,-122.340923595981
8405,47.6266998371733,-122.34116184487901
8406,47.6267287080204,-122.340885803565
8541,47.5979106082852,-122.32256358136901
8542,47.597934782237694,-122.32233651072201
8601,47.6052944381393,-122.32464947493101
8609,47.6064475456813,-122.325690111948
8610,47.606719200996096,-122.325686093946
8614,47.6152746586351,-122.333689955423
8617,47.6160565037793,-122.335333883494
8618,47.616215480313,-122.335294721854
8622,47.6183341216319,-122.338873308605
8626,47.6259652478875,-122.339572987073
8829,47.6041260906401,-122.33890828059201
8830,47.6041648219747,-122.338661090774
8837,47.613178148212896,-122.352107361207
8841,47.614620965547694,-122.35456087494501
8854,47.6042810340229,-122.338341381714
8858,47.6049205979622,-122.33891058140301
8870,47.601376430162496,-122.33567879355999
9109,47.6649109975994,-122.381594917026
9110,47.664914634879395,-122.381282992636
9114,47.665367008801496,-122.38181514835301
9141,47.66812919296813,-122.37985649153067
9142,47.6680473402789,-122.37946936799801
9145,47.6132993196114,-122.349062428451
9146,47.6130570380548,-122.349057874657
9149,47.616565268647804,-122.34486496587701
9150,47.6162964674312,-122.344846368852
9157,47.618147897990504,-122.355729200035
9158,47.618033574736394,-122.355510815586
9277,47.613137299420195,-122.346976666835
9278,47.612945695233,-122.346922818821
9349,47.6117781440717,-122.346420075905
9353,47.612937648941596,-122.34491951990701
9354,47.6129955916889,-122.34457526436302
9357,47.6144149394951,-122.343014176921
9358,47.614107170794895,-122.34313232146701
9393,47.621441158508794,-122.33596987955501
9394,47.6214512035279,-122.335734607293
9421,47.610928981061704,-122.32213410754001
9422,47.6111261203999,-122.322075804951
9461,47.6170726045891,-122.320945433518
9462,47.6167242085006,-122.3207046752
9465,47.6178959800954,-122.320962663325
9469,47.6193761168371,-122.32098616536351
9470,47.619364219225695,-122.320738623689
9473,47.6204375698513,-122.32100306243902
9474,47.6206308828002,-122.320758809525
9477,47.624787166465296,-122.32108083468601
9478,47.6247333946409,-122.32081396353401
9509,47.66247848986476,-122.31433751299967
9510,47.66240853129013,-122.31413438054402
9673,47.6149712877531,-122.35185238572201
9674,47.614720943966596,-122.35185309334702
9677,47.616155283516896,-122.350342064052
9678,47.6160202778429,-122.35015039744701
9697,47.6069349519154,-122.32397919856501
9698,47.6069502898158,-122.323603272666
9702,47.6077913589681,-122.321587824231
9721,47.616715702855096,-122.351265225629
9722,47.6166650739288,-122.35096450473802
9762,47.6026693817148,-122.336181675097
9770,47.604774439561396,-122.331141878088
10053,47.6224695071087,-122.342546355131
10054,47.622656856206596,-122.342200018504
10153,47.62145000887249,-122.329243271026
10157,47.6246542981593,-122.329315258131
10161,47.6262920918564,-122.329379546222
10165,47.627416442979296,-122.329384478289
10202,47.6086389746091,-122.3428556107
10209,47.6122201460175,-122.348699634013
10210,47.612667174093396,-122.349110555538
10213,47.6129278791831,-122.34989599132601
10214,47.613179576550294,-122.349988864375
10218,47.614278741555005,-122.35182955090501
10222,47.6153702253348,-122.353688224817
10277,47.650305815092146,-122.35139817239751
10278,47.65020149200295,-122.35119585993851
10281,47.6509667237713,-122.35141372735801
10282,47.650961144582,-122.351185778033
10797,47.6220633457094,-122.333494755477
10801,47.6220493229163,-122.33112124855501
10869,47.622151848173004,-122.341611102921
10870,47.621960966248494,-122.34191158422101
10873,47.6221371512235,-122.340594454525
10874,47.62195672141301,-122.34072339324702
10877,47.6123583490199,-122.321892686053
10886,47.615798684258,-122.322021589774
11018,47.6104336363894,-122.330666296187
11105,47.6021567878294,-122.33308300711401
11106,47.6019603137568,-122.333136488839
11118,47.602674433659146,-122.3290450672215
11126,47.6054605773233,-122.322439106262
11129,47.6198403801496,-122.35341060391501
11130,47.61967891255645,-122.3534868111825
11133,47.61981527760759,-122.348131248806
11134,47.619668375497795,-122.34844346890101
11137,47.6197980174033,-122.340573198981
11138,47.619624982446496,-122.340473473816
11397,47.612092284548496,-122.34371698977101
11398,47.6119650120001,-122.343612296049
11590,47.60816450661189,-122.32769820491
11594,47.6085703570321,-122.326743085088
11598,47.6095789320169,-122.324347129588
11665,47.605566382697496,-122.33199016783101
11669,47.6080055614081,-122.326112813665
11670,47.6078738341824,-122.32613495429001
11673,47.6089822537097,-122.32377810298401
11674,47.6088663348324,-122.323762383024
11717,47.5996092147774,-122.32517131483101
11718,47.599565104250196,-122.324936379508
11766,47.624484240158594,-122.355022416059
11770,47.624472986140496,-122.35358127842501
11778,47.624456537000896,-122.337697398143
11782,47.624459945034005,-122.33639725619001
11785,47.6243331505853,-122.331426769849
11786,47.624207487730395,-122.33125630710401
11865,47.6088328917819,-122.323266671723
11866,47.608620553741495,-122.322844222119
11869,47.609433139237794,-122.32380559040901
11870,47.609563538569695,-122.323662651137
11873,47.610095587238,-122.32441122346302
11874,47.6103888376521,-122.32443630434202
11878,47.614476592885495,-122.328190247083
11881,47.61915559631724,-122.33310656017599
11882,47.6188608812258,-122.33284532988701
12034,47.59420872379369,-122.333104161319
12237,47.602353828190196,-122.3351352394605
12238,47.6027996707538,-122.335208798
12282,47.619156945657494,-122.356654477672
12285,47.62263002046885,-122.3568264592225
12286,47.622709997367394,-122.35662305998599
12289,47.624991672402295,-122.35682782447151
12290,47.625034536102994,-122.35658418868101
12537,47.623288807699005,-122.341414792617
12538,47.623148082018,-122.34191315659201
12541,47.623277965129795,-122.33775140028101
12542,47.6231353305785,-122.33773030763402
12545,47.6232753195509,-122.335015626216
12546,47.6231291005654,-122.33543798496801
12549,47.6231954453438,-122.33359153062901
12550,47.6230553490888,-122.333530234966
12601,47.676818579602795,-122.31747834452301
12673,47.6255165199688,-122.35351240471302
12682,47.625060576782296,-122.33322335610801
12685,47.6251661625637,-122.329752926219
12765,47.6055280065332,-122.339167245172
12769,47.612036954759,-122.32365076879199
12770,47.611797912558295,-122.323729099522
12869,47.6101637306698,-122.341635839532
12873,47.610730279520695,-122.34091043896801
12874,47.610591679364,-122.34079885464901
12878,47.6110840935977,-122.340151358645
12885,47.616711942832005,-122.333164908879
12886,47.6166129420948,-122.33299132355701
12949,47.6107891090684,-122.32350993152201
12950,47.6105859538355,-122.323081004301
12953,47.6119991282568,-122.32461659027601
12954,47.61209390818709,-122.32447446126402
12957,47.6127027341142,-122.325249433375
13045,47.666868509038004,-122.379713886164
13046,47.666943233941396,-122.379568513372
13057,47.6212775909771,-122.346382523704
13058,47.6214618692032,-122.34613364555851
13082,47.6072227966749,-122.324627218147
13085,47.6091923947096,-122.326693615287
13086,47.6091228115102,-122.326367935502
13093,47.611396161258696,-122.32866215914201
13097,47.616669413053295,-122.334406833781
13098,47.6167222203611,-122.334145091018
13101,47.6172241118051,-122.335381866394
13102,47.617337450418596,-122.335154708583
13105,47.62041237302169,-122.337290451959
13109,47.62138169016149,-122.33729474692734
13110,47.62140032553525,-122.33703913029001
13121,47.6210103806081,-122.356269319844
13125,47.621013492360696,-122.35340523171001
13126,47.620835710969345,-122.353523658536
13129,47.6209773192156,-122.34568983710301
13130,47.6208156458695,-122.34571130280301
13134,47.620794840635,-122.34072095413201
13138,47.620772064166594,-122.33485168075501
13142,47.6207536309905,-122.329743906882
13170,47.612155782393,-122.328590896405
13185,47.6080841439478,-122.33547131867601
13189,47.60854295716,-122.334337415398
13190,47.6084860634143,-122.333957393319
13197,47.6127027568454,-122.32435627300701
13198,47.6125561658385,-122.324298283584
13209,47.655707377628005,-122.31337296398301
13210,47.6556885535966,-122.313170546137
13213,47.65909186654515,-122.31329636509301
13214,47.6587554296875,-122.313086033055
13261,47.626330249540096,-122.342944106455
13262,47.626198445126896,-122.342901040169
13293,47.6143709744933,-122.350990679757
13297,47.6182557347813,-122.345964740178
13298,47.618202264874895,-122.34568587250601
13301,47.6115435819951,-122.34217544672
13302,47.6112724272279,-122.34220836984001
13305,47.6134847216115,-122.339653951529
13306,47.61317588264,-122.339751747541
13309,47.6140411413513,-122.33893433441101
13313,47.6155701250476,-122.336941326251
13345,47.6151115824571,-122.348343779279
13346,47.61495243574439,-122.348280164298
13349,47.616454310473294,-122.34664248130301
13353,47.6183047985017,-122.34422600381001
13445,47.61917383152375,-122.35424006413851
13509,47.603734866679794,-122.337028842203
13510,47.60404404139489,-122.337049567438
13513,47.6068848455326,-122.33989211378702
13514,47.6068618549771,-122.33960884213501
13517,47.60979436620015,-122.34302708585301
13521,47.6130238481805,-122.348091646586
13526,47.6180675661851,-122.356250555188
13545,47.614400001150194,-122.33779112736701
13546,47.6142868290997,-122.337497786246
13549,47.6203067254172,-122.338604059375
13550,47.620293295785395,-122.338320331839
13789,47.6192251177353,-122.330504345817
13790,47.61936503667609,-122.33032664856
13793,47.62022087793579,-122.330509497354
13794,47.620251466477,-122.33030286000701
13809,47.601816087931496,-122.33515032809201
14397,47.6119880181479,-122.319035057384
14398,47.6118431418934,-122.318926788376
14601,47.6305392079017,-122.327351920202
14673,47.6141764716869,-122.32397491181001
14677,47.614181848499,-122.317418977797
14678,47.6140170792418,-122.317456810191
14697,47.61532186877339,-122.322784016563
14698,47.6151517401511,-122.322745054665
14701,47.6153689344807,-122.31367278033201
14702,47.6152178785536,-122.31375253886502
14770,47.623071920484094,-122.320278553432
14949,47.6130510400493,-122.32122282141201
14950,47.6129221627959,-122.321223774472
14953,47.613018025425795,-122.318799529936
14954,47.612858603883794,-122.31914914314001
16941,47.658380351665905,-122.31271619662601
16942,47.658233692827054,-122.3126027187325
16953,47.659908393225095,-122.31711680544402
16954,47.65977834638419,-122.317245707034
17065,47.6631762721626,-122.315868465608
17066,47.6630336117978,-122.315599230307
17613,47.679874999082095,-122.324848836441
17614,47.6797474941947,-122.32511622785101
17617,47.6799632828821,-122.324122135778
17618,47.6798169629573,-122.32405319960701
18166,47.6809007968221,-122.32557532137601
18621,47.66952444010555,-122.38344025422552
18622,47.669365630238794,-122.38350941779633
19482,47.668580588589904,-122.378264420986
19485,47.66876766483265,-122.38116942234902
19486,47.668580612229796,-122.38075754557
20833,47.5983750006816,-122.33476534071501
20834,47.59820794596679,-122.334863100904
20837,47.5983682762955,-122.332295571785
20838,47.598214709111005,-122.3322678186
20845,47.598421956502094,-122.323205036907
20846,47.5982746317387,-122.323411718333
21765,47.6009504477685,-122.334911989093
21766,47.6007969493856,-122.33492477427001
21773,47.600955909427,-122.32971414088101
21774,47.60080252609149,-122.329823703634
23781,47.62466707712589,-122.357234417385
23782,47.62450164897739,-122.35774536224201
23873,47.623350479196844,-122.35740279294549
23874,47.6232079306333,-122.3574059042305
23881,47.62578746471969,-122.35734574374301
24033,47.6057833069047,-122.33737737046
24034,47.605690967116196,-122.33700671883301
24037,47.612937757247096,-122.345982779409
24038,47.6130690745239,-122.345786055198
24041,47.613749512194495,-122.347350657312
24042,47.6139790967997,-122.34733888836101
24045,47.614874338161,-122.349238996538
24046,47.6150654323419,-122.34917415746601
24049,47.6181388078714,-122.354785898539
24050,47.6181546099129,-122.35441172668601
24057,47.61914169161435,-122.3555499955745
24058,47.6195077065641,-122.355344189797
24222,47.5917276312071,-122.334028653868
24265,47.62037676126115,-122.35813769885401
24266,47.620258632531645,-122.3579438787295
24270,47.62397934803555,-122.3579223380125
24405,47.6145530936152,-122.318278007736
24406,47.614665663707896,-122.31803652433801
24409,47.6159920227814,-122.318297026208
24410,47.6157531606238,-122.31804178137601
24413,47.6170426551095,-122.31831391861351
24417,47.6181630905416,-122.31833170749451
24441,47.656631354412696,-122.31679232927601
24442,47.6565382108275,-122.31661298219501
24449,47.66028766616999,-122.316698517817
24553,47.6088573758788,-122.31690157244
24554,47.6086632009599,-122.316658327034
24557,47.610873591567795,-122.316937274553
24558,47.6109036188985,-122.316645367611
24569,47.614461220481004,-122.31697935138601
24570,47.6147423069041,-122.31670807593501
24829,47.613479197076295,-122.314335817187
24830,47.6133236248701,-122.31410424000602
24833,47.614813440004596,-122.314344439813
24834,47.614727311214196,-122.31414845506701
25041,47.66264941189729,-122.31206967815801
25042,47.66248218708025,-122.31182059627301
25701,47.60842628267859,-122.338289650357
25705,47.611019097641396,-122.34077321728502
25706,47.6115202092599,-122.34118939195001
25709,47.613372031122005,-122.344733381728
25710,47.6137569058499,-122.344971710722
25713,47.6143348538906,-122.346359127948
25714,47.614506205529096,-122.34625577197401
25717,47.6160733035629,-122.34928293427102
25718,47.616271665231494,-122.34923029866401
27277,47.6148575024181,-122.345261962538
27281,47.6166287209533,-122.348226786965
27393,47.601361037578094,-122.33036347995001
27394,47.60111467589879,-122.330149625836
27398,47.6005673557724,-122.330176320509
27402,47.599335892837296,-122.330189909707
28946,47.6023314704779,-122.32933555032301
28949,47.6087577996513,-122.33553717611801
28953,47.615503852769095,-122.34437243587101
28954,47.6156939032493,-122.344250474095
28957,47.616913904400796,-122.34675748283202
28958,47.6171292968402,-122.34671520832302
28961,47.617898295966,-122.34841041532302
28962,47.618129005289006,-122.348412615688
30101,47.616942077864095,-122.344784531136
30102,47.6171329532288,-122.344725544983
30697,47.611386919045295,-122.334825701901
30698,47.6116617955313,-122.334814964899
30701,47.6132391397462,-122.336593706135
30702,47.613392235583596,-122.336510975397
30705,47.6181309217498,-122.34485180074
30706,47.6182748007892,-122.34467629428
30969,47.6138776812509,-122.335724552686
30970,47.6139860688443,-122.335574934893
30974,47.6182520856096,-122.34282691161101
31058,47.615281603014296,-122.335691727324
31062,47.6170457768598,-122.33864315151
31297,47.6101430448499,-122.329046376117
31302,47.6174642886658,-122.33740600466601
31309,47.61926766567785,-122.3399367616025
31310,47.6192563921943,-122.339661424336
31313,47.6214916181075,-122.339881940194
31314,47.62121752069489,-122.339660943306
31485,47.6065730760443,-122.34116700943702
31486,47.6065535166165,-122.340871067411
31493,47.6102929549977,-122.34703207434
31494,47.6103357589254,-122.346666024691
31498,47.6109452007991,-122.34768498477099
31509,47.6035539322068,-122.337966788008
31541,47.6041384503015,-122.321245277371
31542,47.6039834398444,-122.32124600275901
31593,47.6272168005017,-122.340358060882
31849,47.66705126373195,-122.38410595665502
31850,47.66720059578199,-122.383981062371
31853,47.66809727952303,-122.385681636641
31854,47.668151912097095,-122.385436400982
31889,47.6145005096361,-122.34751925662701
31890,47.61436753775,-122.34736806583001
31893,47.615749929536,-122.34589238181601
31894,47.6156329397681,-122.34573128695001
32017,47.612399145178394,-122.34791484883601
32018,47.6122960403763,-122.34774658431701
32022,47.6136852531342,-122.345950404002
32026,47.614831190298005,-122.34447361078101
32030,47.6155169985577,-122.343586501887
32049,47.6138506916672,-122.324523832379
32053,47.615683310646794,-122.324600063469
32054,47.615706572668,-122.324357080132
32121,47.6204400526483,-122.33597808962001
32122,47.620288669221004,-122.335744129047
32125,47.6227785699517,-122.33597118312301
32126,47.622640846459895,-122.335712758417
32129,47.6238783185751,-122.3359460783615
32130,47.623895242977795,-122.335714795912
32173,47.6134773494549,-122.323478903598
32177,47.615623944017,-122.32354072230501
32249,47.6049480394825,-122.32087691981201
32257,47.6101181226135,-122.320875799335
32258,47.609656467066245,-122.320631799154
32262,47.6103973904993,-122.32063309548
32265,47.62241398311989,-122.321034586535
32266,47.62268112326301,-122.320795506878
32289,47.6641640056738,-122.31433116498432
32290,47.663823135346064,-122.31411727098067
32425,47.615585884328596,-122.351067675122
32426,47.6153078635965,-122.351082727688
32429,47.617547685467,-122.348510147408
32430,47.617446093507304,-122.34830759592
32433,47.618138088395696,-122.34775173932701
32434,47.617924478133496,-122.347710327556
32461,47.6028407779912,-122.33383013477801
32462,47.6027016074625,-122.33373128768001
32466,47.6054184974231,-122.32724424407101
32470,47.6059472342206,-122.326025878864
32489,47.6175757259243,-122.35015356473001
32490,47.617274106879,-122.35017727575202
32546,47.603467026711094,-122.33427518264801
32550,47.603855645656,-122.33333821154501
32554,47.6066831744023,-122.326609134589
32557,47.608217408485395,-122.323278779747
32558,47.608125029737,-122.32313738604302
32849,47.6185843972884,-122.329897337709
32910,47.6212922782616,-122.34219574826601
32914,47.631856316054005,-122.34215941709
33005,47.620440169765594,-122.329281545559
33142,47.6194300317427,-122.33417860985101
33145,47.620269290155,-122.334463173925
33146,47.620427453775896,-122.334184314435
33273,47.6509154207277,-122.35000542048601
33274,47.6508476633121,-122.34977025793201
33338,47.650974282123,-122.35045487196001
33518,47.6218938966775,-122.33231455822501
33673,47.6151265880984,-122.332934580815
33674,47.6151166262958,-122.332640886215
33677,47.6177650431668,-122.329517374586
33733,47.6026466683675,-122.331895100563
33734,47.60250058921795,-122.331859186326
33741,47.619819974866196,-122.34715974889801
33742,47.61965500764649,-122.34702775629101
33745,47.6197462317273,-122.331130294022
33746,47.6195872652426,-122.33111325836651
33990,47.6142244411671,-122.34068437672401
33993,47.618188050292005,-122.33587392020401
33994,47.6180691895014,-122.335666765819
34214,47.6058521461144,-122.333280207818
34222,47.6077045875914,-122.32883638129
34293,47.60343046599849,-122.33709688802101
34294,47.6032837122158,-122.337062299937
34301,47.6038855611027,-122.33600998672101
34305,47.60835820578139,-122.325284990468
34306,47.608254883570496,-122.32522372904201
34309,47.60963309568734,-122.3223219332615
34310,47.60956404068915,-122.32210165863401
34386,47.6244469536352,-122.34042904258901
34477,47.608012461650596,-122.322507975228
34481,47.610851771159005,-122.325100578212
34482,47.6108787164954,-122.32487493033601
34489,47.61793832578039,-122.33258033574701
34490,47.617963804643395,-122.332278638636
34501,47.6202279058244,-122.333100617675
34502,47.620151941065004,-122.33286094470101
34505,47.6214971962861,-122.333107991092
34506,47.621270780900495,-122.33286742365401
34509,47.62261003969209,-122.333114510306
34510,47.6225505702352,-122.33286680480701
34518,47.6263657550779,-122.332456103137
34569,47.6159382825013,-122.320116505607
34661,47.6130144588044,-122.336789818648
34837,47.6105529025405,-122.33611967475001
34838,47.610315696653004,-122.33623987982301
34841,47.61095697635069,-122.335126368716
34850,47.6127184640317,-122.33381011643401
34877,47.6203900171139,-122.331818718845
34878,47.6202895186533,-122.331562635956
34881,47.6213908536931,-122.331845426036
34885,47.622558560894895,-122.331832576005
34890,47.6245451069748,-122.331625767109
34937,47.6235674784889,-122.35682698365501
34938,47.62378849434455,-122.356614315099
35197,47.623273611207004,-122.336588546307
35198,47.6231351515267,-122.336238408355
35201,47.6232010114587,-122.331032659612
35202,47.6230416762834,-122.33114874655901
35234,47.657436613276296,-122.31770682767001
35237,47.6605402532908,-122.31782108175601
35242,47.6624338724309,-122.31734256482201
35333,47.6255123076523,-122.352376384129
35417,47.6068141228676,-122.33609639848801
35421,47.607327401792595,-122.334892753655
35422,47.60726286667415,-122.334607876122
35429,47.609747151505196,-122.32910240031602
35430,47.60959644234649,-122.32903115091601
35433,47.6100975420543,-122.328272419157
35434,47.6100987912923,-122.32784565214901
35437,47.61233206156601,-122.322902018351
35438,47.6123719334623,-122.32239513768002
35501,47.6102943014564,-122.32538141331001
35502,47.610287677264,-122.325042716022
35505,47.611706440061496,-122.322012283103
35506,47.6115704423371,-122.321982920857
35525,47.6139487121791,-122.336749115382
35526,47.6137652852423,-122.336684603912
35529,47.617924108202196,-122.33165097053102
35530,47.61781733393239,-122.331433570572
35681,47.66780395963835,-122.38082268929101
35682,47.667961799248225,-122.380770207731
35693,47.6191576806025,-122.3464571364465
35694,47.619260483221794,-122.346152129423
35705,47.6048360718571,-122.321920678195
35706,47.604781519884696,-122.321681056285
35713,47.603547332381396,-122.32149817726601
35714,47.603549120227,-122.321271063238
35717,47.604201792054695,-122.322077091615
35718,47.604245469397696,-122.321926401152
35730,47.616083877886396,-122.333028092442
35745,47.620950516742504,-122.33768131530901
35749,47.62089231182,-122.332282840764
35750,47.620743921344896,-122.33240939957001
35794,47.608366036685496,-122.337625719477
35797,47.6096417983538,-122.335000993966
35798,47.6094223144084,-122.33507096170501
35821,47.610862805147896,-122.32873943613102
35822,47.610722827914294,-122.32873504947202
35825,47.6112788001685,-122.32776019463
35826,47.6111438737965,-122.32771282467701
35829,47.611729173269495,-122.326722204014
35830,47.6116415342059,-122.326523262218
35837,47.65456806610325,-122.3134108868285
35838,47.654699567862004,-122.31318831039
35841,47.6564674133178,-122.31335708816901
35842,47.6565521707227,-122.31314789222701
35845,47.662282531736,-122.31321560443351
35846,47.6620786225689,-122.3130158110535
35849,47.6635330976121,-122.313196483927
35850,47.6639921149771,-122.3129845312595
35881,47.6263379087839,-122.341526931911
35882,47.626184488148894,-122.34155450028001
35886,47.6256308287463,-122.33787144474
35889,47.6260452221879,-122.331312651522
35890,47.6259068639918,-122.33171649514502
35909,47.6120245049627,-122.34154801044902
35941,47.613860413888396,-122.349961763159
35942,47.613615916524004,-122.35000876263001
35945,47.617170221276496,-122.3456859173
35946,47.616935919140396,-122.34571934052501
36009,47.620238464414996,-122.35427190436
36010,47.62034816622175,-122.3539952741595
36013,47.6252673575812,-122.354190172119
36014,47.6251381771152,-122.35399657121901
36093,47.602355318911,-122.335795318726
36094,47.60225682970705,-122.335508209574
36097,47.6045183232763,-122.33775040430801
36098,47.6046295343594,-122.337561369913
36101,47.60606635727,-122.339181038674
36102,47.60593802109379,-122.33879660231901
36105,47.607792688837,-122.34075104733802
36106,47.607952931490104,-122.34058296153201
36109,47.613652533364494,-122.349162818864
36110,47.6138111213879,-122.349067629899
36113,47.6142253293612,-122.35010036876801
36114,47.6143708852002,-122.35001390341701
36117,47.6148188599926,-122.35110362026201
36118,47.614966284280094,-122.351020331316
36121,47.6153781975757,-122.352049595565
36122,47.615468088419,-122.35186901281502
36125,47.6173597640234,-122.35545124943201
36126,47.6174803846615,-122.35527950786101
36134,47.6129455457125,-122.33723167276202
36137,47.6158153159695,-122.33813226008502
36138,47.615764446166345,-122.33778122674951
36141,47.6168220865365,-122.338206717772
36142,47.6172870920653,-122.33805585551701
36146,47.6181898979801,-122.338302570854
36149,47.6243312683658,-122.33857100998301
36158,47.62823097156161,-122.34002183268952
36162,47.63894973551635,-122.340921215397
36309,47.679340647056094,-122.32476155884501
36310,47.679467416973395,-122.324529868589
36313,47.680120456294695,-122.324694485565
36490,47.607962838980804,-122.310903408724
36493,47.6080974795694,-122.30965341829601
36494,47.6079554242069,-122.30978394755101
36646,47.6799273155977,-122.32561707366101
36674,47.6782231364639,-122.327968645939
36678,47.6786523016842,-122.3264160069
36813,47.606244761193096,-122.30975880429001
36814,47.606106229663595,-122.30942013220401
37129,47.6141632628009,-122.32654139820701
37130,47.614013980802596,-122.326329678288
37133,47.6141511144894,-122.32272590185701
37134,47.6139888801003,-122.32275951123002
37137,47.6141691461013,-122.319973501272
37138,47.613995147130595,-122.32015266475601
37141,47.614200156535496,-122.31482371965501
37142,47.614035733512104,-122.31481308755201
37174,47.61513389012801,-122.325959419867
37177,47.6153161036108,-122.32389271385
37178,47.6151570093109,-122.323906835097
37181,47.615329698327294,-122.32181583368201
37185,47.615346881792796,-122.32014286887001
37186,47.6151734632002,-122.32024102785
37189,47.615340132228006,-122.316135750791
37190,47.615204613101795,-122.315907344997
37437,47.613022987844204,-122.319877325066
37438,47.6128716320795,-122.32009923703801
37821,47.6507585012539,-122.35088963970901
37822,47.6505812690113,-122.350794693869
39293,47.6554128344479,-122.31249468974902
39329,47.6569450345427,-122.316061854449
39330,47.656789769509594,-122.316146814727
39333,47.6569340919187,-122.31492982218401
39334,47.6567807163557,-122.31505725949802
39337,47.6569045844771,-122.312960944184
39338,47.656761983488494,-122.312746589675
39485,47.6631583237499,-122.312821717784
39486,47.6630442779285,-122.312593036008
39945,47.679221144527396,-122.32407359317202
39946,47.679080894219005,-122.324033868026
41030,47.67009761556966,-122.38628814129834
41721,47.668772307088496,-122.385469577039
41722,47.6685855253434,-122.38509976995101
41725,47.668758251679,-122.388934384834
41726,47.66858914605776,-122.38871682981767
42961,47.5992910567369,-122.32436791889
42962,47.5990958490537,-122.32402920295401
43053,47.59837008225529,-122.33345519644601
43054,47.5982113763628,-122.33364976395
43057,47.59842371551839,-122.327225405042
43058,47.59828616974809,-122.32692648776
43118,47.596595887499504,-122.3257747202375
43121,47.59675550808045,-122.324410489749
43193,47.6001187786137,-122.331185801307
43197,47.6001144426103,-122.32824522663101
43905,47.600967249250694,-122.33342992401701
43906,47.600808198327,-122.33339399431301
43910,47.600789687902896,-122.326904064857
43913,47.6009465906761,-122.32578052305401
43914,47.6007872639377,-122.32561167789201
43941,47.5975951619833,-122.326790825648
43942,47.59743671651909,-122.327267635709
43945,47.597587689867595,-122.32220122453
43946,47.5974286199327,-122.32217378006901
45973,47.6246775410298,-122.358645676028
45974,47.62450482216175,-122.3586449863275
46082,47.623231433093046,-122.358673425153
46245,47.6083033842962,-122.339683010718
46246,47.6082364610645,-122.33933579204
46250,47.609371331361594,-122.34037387948099
46253,47.6114447508007,-122.343458080188
46254,47.6114975400376,-122.34315329146801
46257,47.62026753306185,-122.3555406658175
46258,47.6202872825242,-122.3553377595655
46409,47.597544471227444,-122.3343415829395
46410,47.597525226100544,-122.33404166845901
46457,47.62279204568345,-122.35811505513651
46458,47.6227326109136,-122.35793708731151
46725,47.6065735097934,-122.31690197752701
46726,47.6066170610617,-122.31665873968701
46729,47.607192407000696,-122.316901778627
46730,47.607167812689,-122.31665855898201
46765,47.6617610969379,-122.315548074644
46766,47.66204426192406,-122.31525095247834
46917,47.61387731124201,-122.315647892387
47213,47.65219304517155,-122.313516063158
47225,47.6604690315784,-122.31207913450702
47958,47.6027588714152,-122.332757629203
47961,47.604036831785,-122.33426943727301
47962,47.6040956531498,-122.333994359357
47966,47.6064037293431,-122.336124616112
47969,47.6096696074804,-122.33942233318601
47970,47.6099912241003,-122.33936859917901
48125,47.60055767062379,-122.331103834068
48129,47.60132552251849,-122.331800185553
48213,47.6683342593065,-122.382252222152
48214,47.66819882595135,-122.3820088946195
48449,47.668183944369744,-122.38488355227702
48450,47.668193533167,-122.3846075719905
48769,47.669156120352,-122.38773327705101
48770,47.669103449313496,-122.387415959666
49649,47.613294576361795,-122.342624325692
49650,47.6135134307512,-122.34255100769501
49653,47.614113820924494,-122.34397295896301
49654,47.614400151575396,-122.34407535777702
49657,47.615678150704,-122.34661867254901
49658,47.6159357078354,-122.346672488904
51470,47.605224849816004,-122.331976809942
51473,47.6063819296527,-122.33337370999001
51474,47.606396064009694,-122.33304815894802
51477,47.6077858027471,-122.334633229513
51478,47.6078133790305,-122.334329492559
51481,47.6096720320379,-122.336349749223
51485,47.6125855552706,-122.33943531116401
51489,47.6148137962324,-122.34322309564101
51490,47.615084908021096,-122.34325672299902
51493,47.619069847175,-122.34905544558501
51494,47.618961521551,-122.34878566843301
52521,47.6133989537082,-122.338797304244
52522,47.6135414583193,-122.33863181151
52525,47.616354143746804,-122.34379848327602
52526,47.616507812882,-122.34367702580401
52529,47.617551807842396,-122.34581546585102
52530,47.6177229226217,-122.34572294074901
53125,47.616213565546396,-122.341616704669
53126,47.6163744665985,-122.34145151155
53129,47.6170113639217,-122.342965435118
53130,47.6171825675989,-122.34282997316402
53133,47.61935965577639,-122.345164598827
53134,47.619202670834795,-122.344848201948
53137,47.62029207965535,-122.34515318878
53138,47.62021970048154,-122.34482874433
53142,47.62259658719889,-122.34485982131801
53237,47.5987434133353,-122.32646365417001
53238,47.59868428907401,-122.326261232793
53241,47.5970945299432,-122.32647011724
53242,47.5970722998645,-122.326267553878
53422,47.6132322479343,-122.33471165603102
53429,47.6154707558364,-122.33836308253301
53433,47.616903279576704,-122.340847793418
53434,47.617152397319096,-122.34078866210301
53542,47.6134451607614,-122.333363191041
53545,47.625888054593595,-122.341169262163
53546,47.6258240846151,-122.34089405970501
53549,47.628175061415845,-122.34113239481401
53550,47.62769576385129,-122.340856096766
53797,47.6140239358626,-122.332624288605
53805,47.6168646716312,-122.33670646692501
53806,47.6169897236598,-122.33660383502
53809,47.6235538173213,-122.339853976989
53810,47.623542095836804,-122.339643203714
53997,47.6027294519387,-122.337627854862
53998,47.6027169310238,-122.337370041404
54002,47.6055871940762,-122.339978941678
54005,47.6071984338707,-122.34184905773601
54006,47.607272849854894,-122.341623253679
54009,47.6122398972476,-122.35031824548001
54038,47.6035799417539,-122.32221104775101
54073,47.6269255765137,-122.33148323924401
54074,47.626794211020396,-122.331425470556
54305,47.613835674737004,-122.348384820139
54409,47.6182852339535,-122.340322839249
54410,47.6181616253086,-122.34018101876501
54449,47.6145618132881,-122.324589733409
54450,47.6145988887651,-122.32433883246001
54513,47.61227462005,-122.34578204415901
54514,47.6122683000688,-122.345510251852
54606,47.6103977945996,-122.32140633951701
54609,47.6124979271196,-122.3235469714
54610,47.6125306957856,-122.32335296934801
54669,47.616782423219604,-122.35287581209501
54673,47.6180675163048,-122.35118191386
54722,47.61198836052305,-122.3206232119385
54725,47.6145356096999,-122.320913314205
54729,47.615899011522195,-122.32094701025201
54730,47.6159446242229,-122.320692284108
54733,47.621518826201495,-122.32101631706601
54734,47.621582074777294,-122.320769958442
54737,47.623721304876796,-122.3210593970555
54738,47.6239199568394,-122.32081517995701
54741,47.6254097123883,-122.32144270367502
54754,47.611826211220006,-122.319787100647
54765,47.657663130564835,-122.31448835394501
54766,47.65755838786533,-122.31427601282066
54953,47.6169496712919,-122.349315538642
54954,47.616625391947004,-122.349368476475
54985,47.618104504669894,-122.349442974905
54986,47.618036613493494,-122.34922377411701
55025,47.607389431787595,-122.32526668168701
55026,47.607193829591296,-122.32537996225801
55369,47.6195153448036,-122.342559733317
55370,47.6192790443095,-122.34222928624601
55373,47.6203881844682,-122.34256441986
55374,47.6201760274197,-122.34220940076601
55377,47.6238163724454,-122.342534482597
55409,47.6019931166876,-122.329796411353
55410,47.601918588095,-122.329623015231
55429,47.617374024254595,-122.35440153101501
55430,47.6173729540487,-122.35410151999
55449,47.622496131616096,-122.329290336509
55453,47.63147864158865,-122.3268285886
55454,47.6310606173997,-122.326851136339
55473,47.6114743495266,-122.34573788016101
55474,47.611381225561345,-122.34597322827901
55637,47.6214943206599,-122.334462015406
55638,47.6212035081447,-122.334184676801
56073,47.6221372828595,-122.339214244922
56074,47.62195136967969,-122.339351068178
56082,47.6219131421389,-122.32985536094901
56149,47.6147399964498,-122.322008422412
56150,47.6146671719079,-122.32223428981801
56241,47.6171905078022,-122.330272702596
56246,47.6121970560287,-122.32994026123801
56345,47.6198252572581,-122.345588917079
56346,47.6196393536138,-122.34573207577
56349,47.6198146813688,-122.34283062215701
56350,47.6196370167715,-122.342957342294
56353,47.6198128729542,-122.34167974155599
56354,47.6196295938799,-122.341786322716
56357,47.619776529617596,-122.33772331120801
56358,47.619627885184,-122.337571066604
56362,47.619652880591005,-122.336249596387
56653,47.6677744981251,-122.38362004566599
56654,47.6677445319146,-122.38320083574501
56682,47.6114200316843,-122.344311976198
56685,47.6149151589308,-122.340065785185
56686,47.614623296366894,-122.340173896075
56901,47.6044365085529,-122.337044653874
56902,47.604372464122,-122.33682022358201
56910,47.6104686869039,-122.32222712593101
56977,47.605243044947194,-122.332763384475
56982,47.6074444107418,-122.327177299289
57017,47.5971389089342,-122.325160783247
57018,47.5971057938915,-122.324974473512
57077,47.62466966379779,-122.350691599056
57190,47.6073841003332,-122.321705329077
57194,47.617207791074,-122.330970291617
57197,47.6237769113496,-122.333117361429
57198,47.6236817019375,-122.33288970647601
57201,47.6256110102484,-122.332683212887
57202,47.625636435468,-122.33244820232501
57269,47.6180854514672,-122.320142613539
57349,47.6013081739736,-122.33298462897201
57350,47.6014198834102,-122.332765346215
57353,47.5988066104036,-122.332989192777
57354,47.5986859564894,-122.332770747663
57377,47.612532424570006,-122.337947102458
57382,47.614274371582496,-122.333347371181
57386,47.6155518395923,-122.33030051787101
57513,47.6123825156322,-122.33164530720201
57517,47.6132363798703,-122.32967847422199
57518,47.613182350629195,-122.329329503411
57526,47.6109183464039,-122.33805910715
57549,47.6237406524022,-122.331839833478
57550,47.6236988798876,-122.33160437986501
57565,47.6033618324175,-122.33592479238901
57574,47.6013247017993,-122.329580177015
57861,47.62335368792925,-122.35607058495751
57862,47.623197605703496,-122.3561164209985
57874,47.6230782531716,-122.32987008778301
57898,47.65900999345255,-122.317665965862
57902,47.663798588066435,-122.317318684278
57914,47.675428949989396,-122.317261712453
57990,47.6253449350082,-122.34288397667702
58077,47.606400936216,-122.33708458386
58078,47.6062829110277,-122.336950588159
58081,47.6082751664287,-122.332605520931
58085,47.6111993253593,-122.32565346511801
58086,47.6110419936062,-122.325590330443
58177,47.60673766275129,-122.33394545572
58181,47.608422782465006,-122.329871333455
58182,47.6083095952631,-122.329779727347
58185,47.608980329240595,-122.32855334220801
58186,47.6087828938862,-122.32862468931602
58193,47.609926587986294,-122.326275977416
58194,47.609742059819595,-122.326347214816
58197,47.610843354293195,-122.32409168771001
58198,47.610578450204294,-122.32433195797101
58222,47.614679780481794,-122.33549727073401
58225,47.617361721952896,-122.33232991339
58226,47.6173409002713,-122.33205520562001
58337,47.6138502064942,-122.32559750429701
58381,47.620374000445146,-122.3464589563615
58382,47.62032074501245,-122.34612284305301
58401,47.6049434536436,-122.322773573027
58402,47.604975424524895,-122.32257406966201
58406,47.6055789265475,-122.32313977413101
58409,47.6063386037036,-122.32404801388802
58410,47.60639147847701,-122.32386759863701
58413,47.6083877292331,-122.32592054767501
58414,47.6085454472521,-122.32581203788101
58417,47.6152508104708,-122.332215478875
58418,47.61533204802429,-122.33200846984701
58421,47.62259499250335,-122.3372850166715
58422,47.6226241007277,-122.33700904519901
58442,47.6208103484701,-122.344263928157
58445,47.6209530433716,-122.33905577848701
58446,47.6207934745717,-122.338905267452
58449,47.6209453670449,-122.336377182589
58450,47.6207735135951,-122.336594672654
58453,47.6209003588476,-122.333346727854
58454,47.62074549692,-122.333968484415
58473,47.608997614111495,-122.336516379089
58474,47.6089365430602,-122.33624651436
58489,47.6062529184822,-122.33971122317101
58490,47.6061872551525,-122.339575348758
58493,47.6070793688259,-122.33777431670302
58494,47.60697998761,-122.33768823939901
58498,47.607396476674005,-122.336653049541
58501,47.60894380879301,-122.33338795070901
58513,47.6579329062672,-122.31331864881201
58514,47.6579441614769,-122.31311543355501
58574,47.625629183054194,-122.33512895942101
58609,47.6137576441159,-122.351785350805
58610,47.6136463312958,-122.351584280845
58613,47.61492739266839,-122.35027059617
58614,47.6148951466908,-122.34996752353601
58617,47.6155569368753,-122.34943501061001
58618,47.615503309770595,-122.34920283348
58621,47.6163435484584,-122.34841330655301
58622,47.616255373249395,-122.348214960372
58629,47.6106087941795,-122.343341181751
58633,47.6109000109754,-122.342969392756
58641,47.616668239844095,-122.335520811947
58645,47.6181053772644,-122.333672839057
58646,47.6179518023611,-122.333548297498
58677,47.613187019383396,-122.35083284750002
58681,47.6144446504831,-122.34920578796802
58682,47.614342042127504,-122.349069200394
58685,47.615788490070194,-122.347480482554
58686,47.6155367225343,-122.34751492524602
58797,47.6031342330423,-122.336483986968
58798,47.6032152706817,-122.336267355703
58801,47.605290687285695,-122.33846174010101
58802,47.6053981566396,-122.338274050588
58805,47.610906099623,-122.34450471094502
58806,47.6109790040281,-122.344276720732
58809,47.611552281846095,-122.345592397176
58810,47.6116993732839,-122.345496272336
58813,47.6158147349429,-122.35278886556202
58814,47.615911939624496,-122.352620597839
58817,47.6167065683029,-122.35434396284501
58818,47.6166333202742,-122.353831301015
58829,47.6194336763457,-122.338611345212
58833,47.62126954717945,-122.33859185892152
58846,47.63500460287379,-122.340081274159
59013,47.6807495226305,-122.324944020286
59014,47.680845682076004,-122.32481385136902
59038,47.622475269722194,-122.33032202678801
59041,47.623794717365094,-122.330537659454
59042,47.6236244235859,-122.33033753230501
59045,47.6264079795157,-122.330949452416
59046,47.6263622240198,-122.33074632322301
59049,47.601818914050796,-122.334633631558
59058,47.6016442607852,-122.33323102146801
59062,47.60164604568269,-122.332580028147
59166,47.6079835162991,-122.320308872049
59246,47.618700975704094,-122.319014603141
59374,47.6805883727277,-122.325869073823
59593,47.6199802150634,-122.31993231121601
59702,47.6115604573455,-122.31961284031401
59945,47.6199802459477,-122.321851742716
59949,47.6141605861001,-122.325882043626
59950,47.6140067476075,-122.325940764592
59953,47.6141684744153,-122.324946715245
59954,47.6140116691629,-122.325041537879
59957,47.614155065727196,-122.321566275895
59958,47.6139961256402,-122.321555712089
59961,47.614171938749,-122.31880929447401
59962,47.6140083768822,-122.31867737031601
59965,47.614190820767604,-122.316149837531
59966,47.6140265383377,-122.31611902061
59994,47.615134366758795,-122.327317304203
59997,47.6153078041239,-122.326253750591
60005,47.6153554034774,-122.318994047859
60006,47.615185177294194,-122.318641610837
60009,47.61536305389689,-122.31754685839701
60010,47.6151930027267,-122.31755626404801
60013,47.6153538139073,-122.314558939803
60014,47.6152073632149,-122.314722521202
60182,47.621019670370096,-122.32146654986201
60222,47.6129221731914,-122.32585337239401
60225,47.61305815531149,-122.32263131695301
60234,47.612841120597,-122.317490499642
62033,47.6598625528015,-122.31284712959001
62034,47.6597286247444,-122.31242609187301
62093,47.6631825268228,-122.316997464507
62097,47.66317536915879,-122.31474941553
62098,47.6630301488691,-122.314763429416
62457,47.67590127236684,-122.31646663452801
62458,47.675742415700995,-122.316485781305
63125,47.6525497508949,-122.3161733353862
63126,47.65230606466752,-122.3160134273505
63130,47.6559120255188,-122.31261506304601
64317,47.6687651376054,-122.37948878952001
64318,47.6685787587749,-122.379517712384
64321,47.66877366305909,-122.386873043587
64322,47.668587466152395,-122.387107874779
65545,47.5992741801191,-122.33466821519401
65546,47.5991264334487,-122.33484236561651
65801,47.60011899185619,-122.33466172393801
65802,47.599971061640744,-122.334732974454
65805,47.600123422233196,-122.33376777529101
65806,47.5999644039686,-122.33375183724
65813,47.6001179197216,-122.326922971564
65814,47.5999537869072,-122.32715404288
65817,47.60011682940701,-122.324510354869
65818,47.59993582849665,-122.3244746597835
66613,47.597593325213595,-122.32556681033401
66614,47.5974348191916,-122.325866386226
66617,47.597597114057,-122.324617276781
66618,47.5974269849126,-122.324535539069
66622,47.5974156828188,-122.32317427854102
68549,47.6198450899375,-122.35745355829901
68550,47.6197053337595,-122.35746710996101
68905,47.6020452715929,-122.33429887923101
68910,47.607494629634395,-122.338657293996
68914,47.6101097332739,-122.34104943517
68917,47.6154203621131,-122.35017464451501
68921,47.6160482966118,-122.351236402004
68922,47.61622407097509,-122.351127163675
68929,47.62508247969079,-122.35548098355451
69081,47.5995331303739,-122.334304367744
69082,47.599721380424796,-122.334060480567
69085,47.5987867787577,-122.33432738125
69086,47.5987863482398,-122.33407203332101
69089,47.612663012023596,-122.319528524253
69090,47.6124749701186,-122.31927268285001
69093,47.613256441367,-122.31956370091301
69094,47.6134134606757,-122.319309935602
69098,47.59415516744043,-122.334030009295
69133,47.619378218126094,-122.358145340801
69134,47.6194485105096,-122.357966309982
69278,47.6125778771876,-122.31798753997
69281,47.6137021094198,-122.31826443305401
69282,47.6131183970873,-122.31798345973601
69305,47.6622225182258,-122.316585741361
69306,47.6620925619321,-122.31639641941065
69437,47.6076950508337,-122.31690161749701
69441,47.6118715581191,-122.316930507538
69442,47.61192753679549,-122.316660939984
69445,47.6134894356421,-122.31700331269501
69446,47.6135066042127,-122.31670019434502
69485,47.6565770589788,-122.31564735056901
69489,47.66404169729065,-122.31536802598326
70501,47.60715308556916,-122.30903322537335
70725,47.60199276856189,-122.33240528149001
70730,47.60495061536629,-122.33477630953901
70734,47.6055603595349,-122.335334035958
70737,47.6068085768841,-122.33680010725502
70738,47.606961866917395,-122.336625734371
70741,47.61041000227459,-122.340104558435
70745,47.6118128763838,-122.342106140613
70746,47.6122178752988,-122.342372186955
70750,47.6130054862517,-122.34371317015301
70753,47.6148946273959,-122.34732031419401
70754,47.6151513214434,-122.347347875482
70757,47.617101450095696,-122.351039885049
70758,47.6174562326286,-122.35123343059301
70762,47.61920623936879,-122.35267645700901
70865,47.5987758569461,-122.33170479469901
70866,47.5987330673053,-122.331441486157
71289,47.66973809608879,-122.38486029910702
71290,47.669735359008996,-122.38462083668401
71574,47.6697801369345,-122.387449302034
72329,47.6174362072848,-122.34959282091401
72330,47.6174419203334,-122.34922054107201
72333,47.6184230706272,-122.351293205176
74025,47.613412343330396,-122.340821694004
74026,47.6135012414862,-122.340577838219
74029,47.6142008320427,-122.342161562065
74030,47.6144684315739,-122.342189160457
74033,47.61635115942949,-122.34580562088601
74034,47.6165674693294,-122.345740379985
75149,47.602538717621194,-122.32826999182701
75153,47.60669884986859,-122.33205581638701
75169,47.6155418982204,-122.3424532012
75170,47.6157506333668,-122.34238750738801
75173,47.6203419279613,-122.347727533067
75281,47.5978148876914,-122.32777086707101
75282,47.5979264711555,-122.327571663593
75769,47.6059126077126,-122.329810904389
75777,47.6087902618904,-122.33243543961001
75778,47.6086332607873,-122.33204741167101
75781,47.61061929576675,-122.334124022895
75785,47.6176416352245,-122.34400663574
75786,47.617823175141304,-122.343919491267
75865,47.598052134046696,-122.326466374643
75866,47.597942505301894,-122.326264141508
76033,47.6048810616849,-122.32733303847401
76034,47.6050210537313,-122.32721322110301
76038,47.607145355905004,-122.32916168697001
76042,47.607780337407696,-122.329747282918
76045,47.6111030510834,-122.33301759565201
76046,47.6111597154092,-122.33283585084301
76050,47.6120701920458,-122.33366814317401
76058,47.6176661375078,-122.341651589267
76101,47.5997000094721,-122.32388584112
76102,47.59958335162919,-122.323618789248
76105,47.5987544448537,-122.323877617451
76106,47.5986036721706,-122.323626986072
76186,47.6090993119128,-122.32943664792
76193,47.6161610157857,-122.33754087420901
76194,47.6160740392343,-122.337024813617
76197,47.6202697112443,-122.34119935267101
76198,47.62028246065601,-122.340968113702
76201,47.6226424828846,-122.34118656331701
76202,47.6225812692513,-122.340935709275
76357,47.5971238439277,-122.322591117932
76358,47.59708780444849,-122.32231566173601
76398,47.6031129890387,-122.32239184228301
76405,47.6072284786146,-122.32641923363
76406,47.607445724025595,-122.326341552654
76409,47.6079587971066,-122.32709237922201
76410,47.6080918231555,-122.32692806917801
76413,47.60878389679039,-122.327846844217
76414,47.6088308449287,-122.32760381418501
76417,47.6094070101603,-122.328416329764
76429,47.6203730891257,-122.33987843874901
76433,47.622804146364594,-122.33985985462901
76434,47.6227076716767,-122.339649731926
76614,47.603453543912195,-122.338044880303
76617,47.6049343422927,-122.339687639022
76618,47.604895764129004,-122.33934742347301
76621,47.6096081271463,-122.34586300483501
76622,47.609799879174005,-122.34575718832401
76625,47.613928478881505,-122.3534257744665
76626,47.613788344309796,-122.35274100624501
76713,47.6271867425088,-122.342693927251
76714,47.627094613580006,-122.342921243461
76717,47.62721453354519,-122.341373239299
76718,47.6270566761865,-122.341700140078
76721,47.6269360181604,-122.32997051312
76722,47.626808787333005,-122.33009350416002
76961,47.66589651474235,-122.3827502090725
76962,47.666042891056094,-122.382611489891
76985,47.615170624204396,-122.34666863556401
76986,47.6150128953146,-122.346506395602
76989,47.6170628917972,-122.344232240489
76990,47.617011280771,-122.343932773411
76994,47.617803998801,-122.342922912383
77118,47.614197675606796,-122.345309214953
77122,47.616221602176196,-122.342696257655
77125,47.6170026700625,-122.34195503101002
77126,47.6169309145606,-122.34177850452501
77129,47.6177001087378,-122.341052415095
77130,47.6176036834925,-122.340907816244
77217,47.613751711915,-122.343888352106
77218,47.613510943882495,-122.343892682901
77221,47.6149086188546,-122.34237563255401
77222,47.6149259016144,-122.34207326053301
77225,47.6156771814579,-122.341381731095
77226,47.61570908933479,-122.34103341544201
77229,47.6163409977445,-122.34052308001701
77261,47.61802662996,-122.33472148404601
77262,47.618231743921896,-122.33472672820301
77265,47.618967787170696,-122.336010423214
77313,47.6116997206591,-122.32280418321601
77314,47.6118185782631,-122.32268876230901
77317,47.6146186675135,-122.32349731312601
77349,47.617245646043095,-122.35226088094701
77382,47.612479075345,-122.319791124439
77389,47.6590590705229,-122.31444557816701
77390,47.658849950749946,-122.31424003365501
77545,47.60331133756855,-122.33269799762151
77546,47.603161889177,-122.332646817045
77549,47.6038373613606,-122.331425539978
77550,47.6036778439653,-122.331398431734
77557,47.6064480339047,-122.32514398297401
77558,47.6064258133668,-122.32485790817002
77561,47.6075374094922,-122.32255314539701
77562,47.6073479140509,-122.32263625387
77569,47.6154301316831,-122.352916695497
77570,47.61532182375179,-122.35271206151602
77573,47.6161358208113,-122.352004095732
77574,47.615962476941846,-122.3519104819315
77609,47.6044150131007,-122.332386218302
77610,47.6044580469788,-122.3318981095
77613,47.6053584977009,-122.330130876255
77618,47.60621166493029,-122.327744185781
77982,47.6269151843186,-122.34219070191101
77985,47.628550040045496,-122.34243978812302
77986,47.6285708754211,-122.34218815928
77989,47.6301876923852,-122.34242518156002
77990,47.6299242445758,-122.342176083127
77994,47.6310253453325,-122.342166452696
78041,47.6179901657965,-122.353616619879
78042,47.6179354353082,-122.353364287138
78065,47.618316081366004,-122.329260024132
78069,47.618987714883005,-122.329268617913
78073,47.6233932974338,-122.329295935283
78114,47.609073661438494,-122.34333171842
78117,47.6135707413862,-122.351019719344
78118,47.613784747172794,-122.350962869124
78122,47.614802679554096,-122.352702890295
78701,47.622123339563004,-122.33766765538701
78702,47.62195403498529,-122.33785071800101
78705,47.6221171852473,-122.33547933714401
78781,47.62215113560819,-122.342929404391
78933,47.6158568617734,-122.331983216428
78934,47.6157133887655,-122.33188923003
79014,47.605112033251196,-122.32330302751501
79021,47.61982102396409,-122.34442901902301
79022,47.6196347533188,-122.344470862351
79025,47.619787188476295,-122.33904936569999
79026,47.6196232383139,-122.339190357856
79029,47.6197435385769,-122.333912988146
79030,47.6195838988335,-122.33362680626
79033,47.6197482654676,-122.332484094936
79034,47.6195836017163,-122.33254970463801
79041,47.61975985291949,-122.32986657134
79042,47.6195912046608,-122.32997448979701
79354,47.612675252259095,-122.342688400643
79358,47.6134862656605,-122.341633972701
79362,47.615352400229895,-122.339220054882
79365,47.617702723166,-122.336509683129
79558,47.604011544841,-122.33768042436
79566,47.6053383598242,-122.3345088226165
79570,47.6061569524436,-122.33255138157601
79574,47.6071956028794,-122.33003031607201
79578,47.609028171206695,-122.325663864494
79649,47.6047403961197,-122.333966482838
79653,47.6062073629292,-122.33045845535601
79654,47.6059822074814,-122.33061142823
79657,47.60714898290009,-122.32823794831201
79658,47.6069686129164,-122.328229864592
79674,47.5987206165749,-122.324972011916
79677,47.59792855465889,-122.325177893225
79678,47.5979363154674,-122.324942781752
79681,47.5962153895884,-122.325168365256
79741,47.614516815696696,-122.32801377702201
79742,47.6145697792173,-122.327793892116
79765,47.6246663159054,-122.355876056331
79766,47.624492965526954,-122.3560794944335
79778,47.62445625971179,-122.338894769735
79785,47.6243308369516,-122.33230786059801
79786,47.6241987252573,-122.33250515258501
79789,47.6243374946626,-122.32975586412701
79790,47.6242220045423,-122.32989055784901
79881,47.6115837934939,-122.32576300761
79882,47.6116436882825,-122.32558898190301
79885,47.6125833084196,-122.326703451016
79886,47.61259684004909,-122.326465098537
79890,47.6165527748706,-122.33006283003802
80001,47.597531657353294,-122.333402654695
80002,47.5960735030815,-122.333109294873
80017,47.6135342928768,-122.33554931771201
80021,47.613786056093495,-122.33493812899201
80030,47.6152582583633,-122.330987181617
80177,47.608190999052,-122.34218617465301
80185,47.6137594868018,-122.32845077642101
80186,47.613700918985295,-122.328097903496
80193,47.608809553629,-122.343521758918
80194,47.608759249443196,-122.34322389324001
80198,47.6094915662281,-122.341463486178
80222,47.614994337152794,-122.32828900428001
80273,47.62035334396519,-122.356839970084
80274,47.620334940461845,-122.35664546561699
80277,47.6215277651189,-122.356831194934
80278,47.6215297967889,-122.35663653963
80537,47.6233496468412,-122.355038085504
80538,47.6231818548048,-122.35488582947902
80541,47.623338207081744,-122.348122215366
80542,47.6232096120132,-122.34839986089001
80545,47.6232958660742,-122.340364408675
80550,47.6231487949435,-122.339161923105
80553,47.6231865354195,-122.332284785978
80554,47.623054495095694,-122.33244568139601
80570,47.6578791470918,-122.317695337693
80594,47.67457492138415,-122.3172658227615
80597,47.6761570503626,-122.31746516464901
80598,47.676221282843,-122.317259022412
80641,47.6255216489836,-122.35488704682702
80645,47.625501879738394,-122.34959220318001
80657,47.6681854909986,-122.382693374118
80658,47.6682811106769,-122.382489620368
80730,47.6057391108853,-122.338319039579
80741,47.61063027004101,-122.326991017061
80742,47.6104855044596,-122.326882427285
80745,47.611471177241796,-122.324941897301
80746,47.6113654218854,-122.32477857287101
80829,47.604865228261694,-122.338385779874
80833,47.6056834624217,-122.3364184258065
80834,47.6056226050195,-122.336194109734
80837,47.6080334841759,-122.33086370876902
80841,47.6112194680127,-122.32317669595801
80842,47.611188497254496,-122.322873074093
80878,47.609765496702195,-122.34190191790101
80881,47.612557814144296,-122.33855275338502
80882,47.6126120507284,-122.338159531661
80889,47.615399794159394,-122.334867516543
80893,47.6161677676759,-122.333874055627
80894,47.6159566759104,-122.33384545069
80945,47.611336047117,-122.32401969672502
80946,47.611313401751694,-122.323751103422
80949,47.6146434002139,-122.325630848854
80950,47.614704953810794,-122.32540459282001
80953,47.6160254211264,-122.32566473889601
80954,47.6159845003239,-122.325416888305
81065,47.6183959672924,-122.346481016767
81066,47.6183451831339,-122.34617472712401
81105,47.6045349438174,-122.32264127853801
81113,47.618154789398794,-122.33693305761
81114,47.618133882223006,-122.336502777144
81117,47.623763033218395,-122.337255478843
81118,47.623608890314195,-122.337001250261
81126,47.620813927960896,-122.343184013715
81130,47.6207980345212,-122.341612567694
81134,47.6207388921113,-122.331186376906
81185,47.6075619127194,-122.339919574638
81190,47.609942564057796,-122.333850961299
81194,47.61027288189109,-122.33304640289302
81198,47.612679521934,-122.32734795398301
81205,47.6122536888158,-122.325452925419
81206,47.612157812461795,-122.32528911334701
81209,47.66082899948235,-122.31325485478351
81210,47.660447509292794,-122.3130416396005
81241,47.6258390635051,-122.33642707896101
81242,47.6256309416702,-122.33649129497601
81246,47.625866681149596,-122.333559969996
81249,47.6260392813316,-122.330544259021
81289,47.6169232659036,-122.347674763892
81290,47.6168157844105,-122.347474447687
81293,47.61761450210079,-122.346808440396
81294,47.617485433483196,-122.346636014563
81297,47.6126800468455,-122.34070004685701
81305,47.617277384886094,-122.33476523915101
81342,47.617642595059394,-122.344806694585
81421,47.6237736745819,-122.35421444466
81422,47.624137072549594,-122.354004696464
81453,47.618343332558005,-122.354246892065
81454,47.618099460358,-122.354054294149
81477,47.608741300164,-122.341618722413
81478,47.6088659711727,-122.341451554501
81481,47.612106289272695,-122.346541769181
81482,47.6121232474597,-122.34619476944701
81493,47.6223522159734,-122.338599182185
81494,47.6222281017709,-122.33832038487
81497,47.6262448470448,-122.339146480412
81510,47.63044350845175,-122.34063968261802
81685,47.618003672931096,-122.33075203753101
81686,47.6178619644846,-122.33007510938401
81694,47.6214331804187,-122.33032097555201
81705,47.6017861912437,-122.33117445447401
81706,47.601649369350696,-122.331328619437
82014,47.6219308238921,-122.32046640101201
82222,47.6134815900392,-122.31498814101
82362,47.6241939291778,-122.320268657976
82489,47.6141543555702,-122.32749306524101
82490,47.6140109868495,-122.327212540046
82654,47.62517929849739,-122.320490020196
82673,47.612250921494095,-122.318906020697
82674,47.61211030142201,-122.319069797379
82833,47.6017766336038,-122.32046228976701
82834,47.601622968551396,-122.320382065895
83222,47.650333311739196,-122.34906085104501
83242,47.651340776092255,-122.3505328342925
84641,47.6554296912253,-122.31390160917
84653,47.656906110485004,-122.313749608166
84654,47.6567795828761,-122.31371656005702
84689,47.658393638720796,-122.313835932213
84690,47.6582511759778,-122.313845720072
84789,47.663163846805894,-122.313610215579
84790,47.6630274788731,-122.31371338363302
85149,47.67506191939754,-122.317987784332
85150,47.67490314450525,-122.31803603867101
85381,47.6804674871196,-122.32527333243101
85382,47.6803448473756,-122.325125178133
85385,47.68074354970095,-122.323912302051
85386,47.6807206738942,-122.323222779477
86057,47.6793055149988,-122.324986590023
86449,47.66952709179267,-122.38605128544333
86450,47.66937636877807,-122.38609763121535
87253,47.668769617164095,-122.382739827561
87254,47.6685828948516,-122.382437237858
87257,47.6687704797753,-122.383608935841
87258,47.668583862522695,-122.38341117704302
87281,47.6665959133133,-122.382995189381
87282,47.6664924901347,-122.382868217946
87285,47.6662257905991,-122.38364479152101
87286,47.6661330151319,-122.38350452680301
88546,47.59909010999019,-122.325568785249
88629,47.5983692594227,-122.331022640596
88630,47.59820766480539,-122.331156475365
88633,47.5984209153878,-122.32538573505002
88634,47.5982844016887,-122.32576603380902
88773,47.600118754268294,-122.32569026713101
88774,47.5999514111456,-122.325618122568
89525,47.60095468966279,-122.332363323523
89526,47.6008061511652,-122.332085127343
91545,47.6221769529219,-122.35745643231002
91546,47.6220390093491,-122.35723119296601
91829,47.6257911073895,-122.358391773645
94421,47.6083777869587,-122.342298910481
94602,47.626745291855244,-122.3336429663575
94611,47.62826155644556,-122.331719159773
94612,47.629307191882,-122.3303839721905
94651,47.604255307892245,-122.33043419066351
94677,47.6274825222147,-122.332689859232
94731,47.6675513392891,-122.39735562919766
94732,47.66737084548,-122.39715127367766
94736,47.6673885981543,-122.39901851246634
95288,47.600647015968796,-122.31413155135301
102621,47.605434340653005,-122.320748929777
102632,47.6141194269244,-122.320781058709
104508,47.627689129394795,-122.332201678981
115112,47.5992043237896,-122.333848491305
115118,47.5991943683447,-122.327331277482
115121,47.5991879116352,-122.323386331871
115124,47.5991983248431,-122.31585822288301
117879,47.6534706378286,-122.317372078919
117932,47.653552966329,-122.317603645951
119444,47.5975881633107,-122.32302661235201
120102,47.628238323290695,-122.32940587262
120105,47.629890296851464,-122.32855703881067
120107,47.62986830358175,-122.328258874143
120166,47.6295186792718,-122.34063437317701
120175,47.63204466981385,-122.34059219064702
120200,47.63597798910254,-122.3400985858625
120222,47.634227843164695,-122.34006308416501
120240,47.63766545432409,-122.34026388863902
120403,47.5982792938989,-122.32434431694001
120527,47.63278229247625,-122.34042068589201
121921,47.611902728085006,-122.347463444422
123744,47.598421841252694,-122.32433589882301
123942,47.6131029649534,-122.33177567186301
123943,47.6131813643172,-122.33160427830501
129888,47.626156431414195,-122.337073668992
130708,47.66041119112965,-122.31650047890301
130793,47.6246857326239,-122.340449719226
130799,47.6247562329476,-122.33777919579302
130802,47.6247493380925,-122.33648392310302
132441,47.6179038113849,-122.338485045512
134101,47.6168247389199,-122.32013056529101
134961,47.627855871264,-122.342445950408
134962,47.6276496087268,-122.342196343037
134965,47.629229653767005,-122.342182290069
135261,47.6139774408379,-122.313813683052
