element_key,latitude,longitude,poi,baseball,tennis,basket,soccer
1001,47.6028623746714,-122.33470308183998,1,0,0,0,0
1002,47.602997366105356,-122.334538261994,1,0,0,0,0
1005,47.60360193281299,-122.335382021038,0,0,0,0,0
1006,47.60372548241921,-122.33517087827902,0,0,0,0,0
1009,47.605009553744495,-122.336669169258,1,0,0,0,0
1010,47.605272584359895,-122.33658563664301,1,0,0,0,0
1013,47.606378252134704,-122.337960165173,1,0,0,0,0
1014,47.606569292235605,-122.337810819965,1,0,0,0,0
1017,47.610496778598005,-122.34183100356,1,0,0,0,0
1018,47.610755608895595,-122.341899260172,1,0,0,0,0
1021,47.6121366367352,-122.344621807416,1,0,0,0,0
1022,47.612180735804394,-122.344296008114,1,0,0,0,0
1025,47.6143704550833,-122.348405346484,1,0,0,0,0
1026,47.61453873368529,-122.348289590838,1,0,0,0,0
1029,47.616498174014595,-122.35201029812201,0,0,0,0,0
1030,47.616673325130606,-122.351875478409,0,0,0,0,0
1033,47.6173252883813,-122.353400009213,0,0,0,0,0
1034,47.617549556426,-122.353379319452,0,0,0,0,0
1037,47.6214781356596,-122.355530715539,0,0,0,0,0
1041,47.6223033078158,-122.355523915113,1,0,0,0,0
1045,47.624027794482345,-122.355513871049,0,0,0,0,0
1046,47.62394224367971,-122.35529964796049,0,0,0,0,0
1213,47.6013507900301,-122.334301495055,1,0,0,0,0
1214,47.60131760050349,-122.33405840933399,1,0,0,0,0
1217,47.600366919093105,-122.334305227444,1,0,0,0,0
1218,47.600582354069005,-122.334061152736,1,0,0,0,0
1222,47.59581794982329,-122.334040471448,1,0,0,0,0
1229,47.6119812804072,-122.31947663310801,1,0,0,0,0
1233,47.6146560758954,-122.319573568428,1,0,0,0,0
1234,47.6147098481764,-122.319331156984,1,0,0,0,0
1277,47.6216148986917,-122.35812835204253,0,0,0,0,0
1278,47.62156913897321,-122.357950303487,0,0,0,0,0
1281,47.6253460766185,-122.358108468415,1,0,0,0,0
1433,47.66395503572604,-122.31644479184965,0,0,0,0,0
1577,47.609724638050096,-122.316901328673,1,0,0,0,0
1578,47.6098805504267,-122.31665800520001,1,0,0,0,0
1589,47.615832154867896,-122.316980842831,1,0,0,0,0
1590,47.615888593208894,-122.316746571467,1,0,0,0,0
1601,47.66034280015265,-122.3155686665325,0,0,0,0,0
1602,47.660450216315596,-122.31535479524469,0,0,0,0,0
1821,47.6147470972343,-122.315609106006,1,0,0,0,0
2054,47.614914643762795,-122.312683566064,0,0,0,0,0
2085,47.6589503975327,-122.312119097562,0,0,0,0,0
2089,47.663912743476295,-122.31205014035768,0,0,0,0,0
2090,47.66397342214083,-122.311858444471,0,0,0,0,0
2781,47.6156307617965,-122.34854073021098,0,0,0,0,0
2782,47.61569921119921,-122.348280734561,0,0,0,0,0
2785,47.616691368727395,-122.350346317057,0,0,0,0,0
2786,47.6168509523425,-122.350209698444,0,0,0,0,0
2789,47.617802191796294,-122.35225586112,0,0,0,0,0
2790,47.6180099721782,-122.352169950963,0,0,0,0,0
2793,47.6203102546865,-122.352955500387,1,0,0,0,0
2797,47.62486590462629,-122.352919492045,0,0,0,0,0
2798,47.62498797343861,-122.35265083028202,0,0,0,0,0
2921,47.6004753037031,-122.331714398121,1,0,0,0,0
2922,47.60057332750879,-122.33142236615,1,0,0,0,0
2925,47.59942482752211,-122.33171840616102,1,0,0,0,0
2926,47.5994541650156,-122.331430477071,1,0,0,0,0
2986,47.599729825181896,-122.32999322310602,1,0,0,0,0
3081,47.668883761680405,-122.38223868463899,1,0,0,0,0
3082,47.6690528088099,-122.382018789393,1,0,0,0,0
3337,47.667183722158796,-122.384844660637,1,0,0,0,0
3338,47.666773056633,-122.384643349528,0,0,0,0,0
3341,47.6691238381155,-122.384865623326,1,0,0,0,0
3342,47.669107028815404,-122.384622167754,1,0,0,0,0
4433,47.612932329765606,-122.341974738652,0,0,0,0,0
4434,47.6129927585997,-122.341695083241,0,0,0,0,0
4437,47.61621643967779,-122.34752935857401,0,0,0,0,0
4438,47.616400230059206,-122.347458339466,0,0,0,0,0
4441,47.6178531492896,-122.35030436115,0,0,0,0,0
4442,47.6179919075935,-122.350157161399,0,0,0,0,0
4445,47.6252744116637,-122.351599202309,0,0,0,0,0
6166,47.601993446703794,-122.329007535213,0,0,0,0,0
6197,47.617552542528,-122.347837723461,0,0,0,0,0
6198,47.6176448791587,-122.34756269446,0,0,0,0,0
7246,47.6054089588108,-122.330623842682,0,0,0,0,0
7257,47.614036169414995,-122.339875124329,0,0,0,0,0
7258,47.614169537728,-122.339718817904,0,0,0,0,0
7261,47.6148254309933,-122.341240930159,0,0,0,0,0
7262,47.614963962021896,-122.341056394821,0,0,0,0,0
7265,47.61813966404571,-122.346816883521,0,0,0,0,0
7397,47.5971253968412,-122.32779119716,0,0,0,0,0
7398,47.5968672918765,-122.32756588354201,0,0,0,0,0
7989,47.60961532921571,-122.33318811667299,0,0,0,0,0
7990,47.6096909579099,-122.33300941972502,0,0,0,0,0
7997,47.6140624196271,-122.337961494436,0,0,0,0,0
7998,47.61429008934601,-122.33794608945,0,0,0,0,0
8001,47.614662783482196,-122.33899497122,0,0,0,0,0
8002,47.6150805198137,-122.339257955735,0,0,0,0,0
8005,47.6155644863128,-122.340537862283,0,0,0,0,0
8097,47.5996495190193,-122.32646808768801,1,0,0,0,0
8098,47.5996053659521,-122.326249394508,1,0,0,0,0
8101,47.5963075115004,-122.32647325382601,0,0,0,0,0
8102,47.596241553926106,-122.326270867465,0,0,0,0,0
8242,47.6058775222148,-122.327975318221,0,0,0,0,0
8249,47.614734575220204,-122.33707591628,0,0,0,0,0
8301,47.597951059425895,-122.32387678783,1,0,0,0,0
8302,47.597928808629796,-122.323641788409,1,0,0,0,0
8305,47.597172389505005,-122.323896000473,0,0,0,0,0
8306,47.597091271807095,-122.32362073188801,0,0,0,0,0
8369,47.6055397718641,-122.3263950127,1,0,0,0,0
8370,47.605483959832604,-122.326091315122,1,0,0,0,0
8373,47.6061896792134,-122.326975424531,0,0,0,0,0
8374,47.606201732339294,-122.32676238832701,0,0,0,0,0
8377,47.606846221824505,-122.32757134935899,0,0,0,0,0
8378,47.6068954245445,-122.327392320338,0,0,0,0,0
8382,47.6076630391445,-122.32809902878599,0,0,0,0,0
8389,47.614466300885105,-122.334780265319,0,0,0,0,0
8393,47.617381337170684,-122.33965461803301,0,0,0,0,0
8394,47.6178104565659,-122.33991840780199,0,0,0,0,0
8397,47.6182223395223,-122.341008904359,0,0,0,0,0
8398,47.6182663150194,-122.34068917428101,0,0,0,0,0
8401,47.623862269164746,-122.34117959469302,0,0,0,0,0
8402,47.623920783011634,-122.34092359598101,0,0,0,0,0
8405,47.6266998371733,-122.341161844879,0,0,0,0,0
8406,47.6267287080204,-122.340885803565,0,0,0,0,0
8541,47.59791060828521,-122.322563581369,1,0,0,0,0
8542,47.5979347822377,-122.32233651072201,1,0,0,0,0
8601,47.605294438139296,-122.324649474931,0,0,0,0,0
8609,47.6064475456813,-122.32569011194799,0,0,0,0,0
8610,47.6067192009961,-122.325686093946,0,0,0,0,0
8614,47.6152746586351,-122.333689955423,0,0,0,0,0
8617,47.6160565037793,-122.335333883494,0,0,0,0,0
8618,47.616215480312995,-122.335294721854,0,0,0,0,0
8622,47.6183341216319,-122.338873308605,0,0,0,0,0
8626,47.6259652478875,-122.339572987073,0,0,0,0,0
8829,47.60412609064011,-122.33890828059201,0,0,0,0,0
8830,47.604164821974706,-122.338661090774,0,0,0,0,0
8837,47.6131781482129,-122.352107361207,0,0,0,0,0
8841,47.61462096554771,-122.354560874945,0,0,0,0,0
8854,47.6042810340229,-122.338341381714,0,0,0,0,0
8858,47.604920597962206,-122.33891058140301,0,0,0,0,0
8870,47.601376430162496,-122.33567879356,1,0,0,0,0
9109,47.6649109975994,-122.381594917026,0,0,0,0,0
9110,47.664914634879395,-122.38128299263599,0,0,0,0,0
9114,47.665367008801496,-122.381815148353,0,0,0,0,0
9141,47.66812919296813,-122.37985649153069,1,0,0,0,0
9142,47.6680473402789,-122.37946936799801,1,0,0,0,0
9145,47.6132993196114,-122.349062428451,0,0,0,0,0
9146,47.6130570380548,-122.349057874657,0,0,0,0,0
9149,47.61656526864781,-122.344864965877,0,0,0,0,0
9150,47.616296467431205,-122.344846368852,0,0,0,0,0
9157,47.618147897990504,-122.355729200035,0,0,0,0,0
9158,47.618033574736394,-122.355510815586,0,0,0,0,0
9277,47.6131372994202,-122.346976666835,0,0,0,0,0
9278,47.612945695233,-122.34692281882099,0,0,0,0,0
9349,47.6117781440717,-122.346420075905,0,0,0,0,0
9353,47.6129376489416,-122.344919519907,1,0,0,0,0
9354,47.6129955916889,-122.34457526436302,1,0,0,0,0
9357,47.614414939495106,-122.343014176921,0,0,0,0,0
9358,47.614107170794895,-122.343132321467,0,0,0,0,0
9393,47.621441158508794,-122.335969879555,0,0,0,0,0
9394,47.6214512035279,-122.33573460729299,0,0,0,0,0
9421,47.610928981061704,-122.32213410754,0,0,0,0,0
9422,47.611126120399895,-122.322075804951,0,0,0,0,0
9461,47.6170726045891,-122.320945433518,1,0,0,0,0
9462,47.61672420850061,-122.3207046752,1,0,0,0,0
9465,47.6178959800954,-122.320962663325,0,0,0,0,0
9469,47.6193761168371,-122.32098616536352,1,0,0,0,0
9470,47.6193642192257,-122.320738623689,1,0,0,0,0
9473,47.62043756985129,-122.32100306243902,0,0,0,0,0
9474,47.62063088280021,-122.32075880952499,0,0,0,0,0
9477,47.6247871664653,-122.32108083468599,0,0,0,0,0
9478,47.62473339464089,-122.320813963534,0,0,0,0,0
9509,47.66247848986476,-122.31433751299969,0,0,0,0,0
9510,47.66240853129013,-122.31413438054402,0,0,0,0,0
9673,47.61497128775311,-122.35185238572201,0,0,0,0,0
9674,47.614720943966596,-122.35185309334702,0,0,0,0,0
9677,47.6161552835169,-122.35034206405199,0,0,0,0,0
9678,47.6160202778429,-122.350150397447,0,0,0,0,0
9697,47.6069349519154,-122.32397919856501,1,0,0,0,0
9698,47.6069502898158,-122.32360327266599,1,0,0,0,0
9702,47.60779135896811,-122.32158782423099,0,0,0,0,0
9721,47.6167157028551,-122.351265225629,0,0,0,0,0
9722,47.61666507392879,-122.350964504738,0,0,0,0,0
9762,47.60266938171479,-122.33618167509701,1,0,0,0,0
9770,47.604774439561396,-122.33114187808799,0,0,0,0,0
10053,47.622469507108704,-122.34254635513099,0,0,0,0,0
10054,47.622656856206596,-122.34220001850402,0,0,0,0,0
10153,47.62145000887249,-122.329243271026,0,0,0,0,0
10157,47.62465429815929,-122.329315258131,0,0,0,0,0
10161,47.62629209185639,-122.329379546222,0,0,0,0,0
10165,47.627416442979296,-122.329384478289,0,0,0,0,0
10202,47.6086389746091,-122.3428556107,0,0,0,0,0
10209,47.612220146017506,-122.348699634013,0,0,0,0,0
10210,47.612667174093396,-122.349110555538,0,0,0,0,0
10213,47.612927879183104,-122.34989599132601,0,0,0,0,0
10214,47.613179576550294,-122.349988864375,0,0,0,0,0
10218,47.614278741555005,-122.351829550905,0,0,0,0,0
10222,47.6153702253348,-122.353688224817,0,0,0,0,0
10277,47.650305815092146,-122.35139817239752,0,0,0,0,0
10278,47.65020149200296,-122.35119585993851,0,0,0,0,0
10281,47.6509667237713,-122.351413727358,1,0,0,0,0
10282,47.650961144582006,-122.35118577803301,1,0,0,0,0
10797,47.6220633457094,-122.333494755477,0,0,0,0,0
10801,47.6220493229163,-122.331121248555,0,0,0,0,0
10869,47.62215184817301,-122.34161110292101,0,0,0,0,0
10870,47.6219609662485,-122.341911584221,0,0,0,0,0
10873,47.6221371512235,-122.34059445452499,0,0,0,0,0
10874,47.621956721413014,-122.34072339324702,0,0,0,0,0
10877,47.6123583490199,-122.321892686053,0,0,0,0,0
10886,47.615798684258,-122.322021589774,1,0,0,0,0
11018,47.6104336363894,-122.330666296187,0,0,0,0,0
11105,47.6021567878294,-122.33308300711398,0,0,0,0,0
11106,47.6019603137568,-122.333136488839,0,0,0,0,0
11118,47.602674433659146,-122.32904506722151,0,0,0,0,0
11126,47.60546057732329,-122.322439106262,0,0,0,0,0
11129,47.619840380149604,-122.35341060391501,0,0,0,0,0
11130,47.61967891255646,-122.35348681118249,0,0,0,0,0
11133,47.61981527760759,-122.348131248806,0,0,0,0,0
11134,47.619668375497795,-122.34844346890101,0,0,0,0,0
11137,47.6197980174033,-122.340573198981,0,0,0,0,0
11138,47.619624982446496,-122.34047347381599,0,0,0,0,0
11397,47.6120922845485,-122.34371698977101,1,0,0,0,0
11398,47.611965012000105,-122.343612296049,1,0,0,0,0
11590,47.60816450661189,-122.32769820491,1,0,0,0,0
11594,47.6085703570321,-122.32674308508801,1,0,0,0,0
11598,47.609578932016895,-122.32434712958799,0,0,0,0,0
11665,47.605566382697496,-122.331990167831,0,0,0,0,0
11669,47.6080055614081,-122.326112813665,1,0,0,0,0
11670,47.6078738341824,-122.32613495429001,1,0,0,0,0
11673,47.608982253709705,-122.32377810298401,0,0,0,0,0
11674,47.6088663348324,-122.323762383024,0,0,0,0,0
11717,47.5996092147774,-122.32517131483101,0,0,0,0,0
11718,47.5995651042502,-122.324936379508,0,0,0,0,0
11766,47.624484240158594,-122.355022416059,0,0,0,0,0
11770,47.624472986140496,-122.35358127842501,1,0,0,0,0
11778,47.624456537000896,-122.337697398143,0,0,0,0,0
11782,47.624459945034005,-122.33639725619,0,0,0,0,0
11785,47.6243331505853,-122.33142676984899,0,0,0,0,0
11786,47.624207487730395,-122.331256307104,0,0,0,0,0
11865,47.6088328917819,-122.323266671723,0,0,0,0,0
11866,47.6086205537415,-122.322844222119,1,0,0,0,0
11869,47.60943313923779,-122.323805590409,0,0,0,0,0
11870,47.60956353856971,-122.32366265113701,0,0,0,0,0
11873,47.610095587238,-122.32441122346302,0,0,0,0,0
11874,47.6103888376521,-122.32443630434202,0,0,0,0,0
11878,47.6144765928855,-122.328190247083,1,0,0,0,0
11881,47.61915559631724,-122.33310656017599,0,0,0,0,0
11882,47.61886088122579,-122.33284532988701,0,0,0,0,0
12034,47.594208723793685,-122.33310416131901,1,0,0,0,0
12237,47.6023538281902,-122.33513523946051,1,0,0,0,0
12238,47.6027996707538,-122.335208798,1,0,0,0,0
12282,47.619156945657494,-122.35665447767201,0,0,0,0,0
12285,47.622630020468854,-122.3568264592225,1,0,0,0,0
12286,47.622709997367394,-122.356623059986,1,0,0,0,0
12289,47.624991672402295,-122.35682782447151,1,0,0,0,0
12290,47.625034536102994,-122.356584188681,1,0,0,0,0
12537,47.623288807699005,-122.341414792617,0,0,0,0,0
12538,47.623148082018005,-122.341913156592,0,0,0,0,0
12541,47.623277965129795,-122.337751400281,0,0,0,0,0
12542,47.6231353305785,-122.337730307634,0,0,0,0,0
12545,47.6232753195509,-122.33501562621599,0,0,0,0,0
12546,47.62312910056539,-122.335437984968,0,0,0,0,0
12549,47.6231954453438,-122.33359153062901,0,0,0,0,0
12550,47.623055349088794,-122.33353023496599,0,0,0,0,0
12601,47.676818579602795,-122.317478344523,0,0,0,0,0
12673,47.6255165199688,-122.35351240471302,0,0,0,0,0
12682,47.625060576782296,-122.333223356108,0,0,0,0,0
12685,47.62516616256371,-122.329752926219,0,0,0,0,0
12765,47.605528006533206,-122.339167245172,1,0,0,0,0
12769,47.612036954759,-122.323650768792,0,0,0,0,0
12770,47.611797912558295,-122.323729099522,0,0,0,0,0
12869,47.6101637306698,-122.34163583953199,1,0,0,0,0
12873,47.6107302795207,-122.340910438968,1,0,0,0,0
12874,47.610591679364006,-122.340798854649,0,0,0,0,0
12878,47.61108409359771,-122.340151358645,1,0,0,0,0
12885,47.61671194283201,-122.333164908879,0,0,0,0,0
12886,47.6166129420948,-122.332991323557,0,0,0,0,0
12949,47.61078910906839,-122.32350993152201,0,0,0,0,0
12950,47.610585953835496,-122.32308100430099,0,0,0,0,0
12953,47.6119991282568,-122.324616590276,1,0,0,0,0
12954,47.61209390818709,-122.32447446126402,0,0,0,0,0
12957,47.6127027341142,-122.32524943337499,0,0,0,0,0
13045,47.666868509038,-122.379713886164,0,0,0,0,0
13046,47.6669432339414,-122.379568513372,0,0,0,0,0
13057,47.62127759097711,-122.346382523704,0,0,0,0,0
13058,47.6214618692032,-122.34613364555851,0,0,0,0,0
13082,47.6072227966749,-122.32462721814699,1,0,0,0,0
13085,47.60919239470961,-122.326693615287,0,0,0,0,0
13086,47.6091228115102,-122.32636793550199,0,0,0,0,0
13093,47.61139616125871,-122.328662159142,1,0,0,0,0
13097,47.616669413053295,-122.33440683378099,0,0,0,0,0
13098,47.6167222203611,-122.33414509101802,0,0,0,0,0
13101,47.61722411180511,-122.335381866394,0,0,0,0,0
13102,47.6173374504186,-122.33515470858299,1,0,0,0,0
13105,47.620412373021686,-122.337290451959,0,0,0,0,0
13109,47.62138169016149,-122.33729474692734,0,0,0,0,0
13110,47.62140032553525,-122.33703913029,0,0,0,0,0
13121,47.6210103806081,-122.356269319844,0,0,0,0,0
13125,47.6210134923607,-122.35340523171,0,0,0,0,0
13126,47.62083571096935,-122.35352365853599,0,0,0,0,0
13129,47.620977319215605,-122.34568983710301,0,0,0,0,0
13130,47.620815645869506,-122.345711302803,0,0,0,0,0
13134,47.62079484063501,-122.34072095413201,0,0,0,0,0
13138,47.620772064166594,-122.33485168075501,0,0,0,0,0
13142,47.62075363099049,-122.329743906882,0,0,0,0,0
13170,47.612155782392996,-122.32859089640499,0,0,0,0,0
13185,47.6080841439478,-122.335471318676,0,0,0,0,0
13189,47.60854295716,-122.33433741539801,1,0,0,0,0
13190,47.6084860634143,-122.333957393319,0,0,0,0,0
13197,47.6127027568454,-122.324356273007,0,0,0,0,0
13198,47.6125561658385,-122.324298283584,0,0,0,0,0
13209,47.65570737762801,-122.313372963983,1,0,0,0,0
13210,47.655688553596605,-122.313170546137,1,0,0,0,0
13213,47.659091866545154,-122.31329636509301,1,0,0,0,0
13214,47.6587554296875,-122.313086033055,1,0,0,0,0
13261,47.6263302495401,-122.34294410645501,0,0,0,0,0
13262,47.626198445126896,-122.342901040169,0,0,0,0,0
13293,47.61437097449329,-122.350990679757,0,0,0,0,0
13297,47.61825573478129,-122.34596474017799,0,0,0,0,0
13298,47.618202264874895,-122.34568587250601,0,0,0,0,0
13301,47.61154358199511,-122.34217544671999,0,0,0,0,0
13302,47.611272427227895,-122.34220836984,0,0,0,0,0
13305,47.6134847216115,-122.339653951529,0,0,0,0,0
13306,47.61317588264,-122.339751747541,0,0,0,0,0
13309,47.6140411413513,-122.338934334411,0,0,0,0,0
13313,47.6155701250476,-122.336941326251,0,0,0,0,0
13345,47.615111582457104,-122.348343779279,0,0,0,0,0
13346,47.61495243574439,-122.348280164298,0,0,0,0,0
13349,47.6164543104733,-122.34664248130301,0,0,0,0,0
13353,47.618304798501704,-122.34422600381001,0,0,0,0,0
13445,47.61917383152375,-122.35424006413851,0,0,0,0,0
13509,47.603734866679794,-122.33702884220301,0,0,0,0,0
13510,47.60404404139489,-122.33704956743799,0,0,0,0,0
13513,47.6068848455326,-122.33989211378702,0,0,0,0,0
13514,47.606861854977105,-122.339608842135,0,0,0,0,0
13517,47.60979436620015,-122.34302708585301,1,0,0,0,0
13521,47.613023848180504,-122.348091646586,0,0,0,0,0
13526,47.618067566185104,-122.35625055518801,0,0,0,0,0
13545,47.61440000115019,-122.337791127367,0,0,0,0,0
13546,47.614286829099704,-122.33749778624599,0,0,0,0,0
13549,47.6203067254172,-122.338604059375,0,0,0,0,0
13550,47.6202932957854,-122.33832033183901,0,0,0,0,0
13789,47.6192251177353,-122.33050434581699,0,0,0,0,0
13790,47.61936503667609,-122.33032664856,0,0,0,0,0
13793,47.62022087793579,-122.33050949735399,0,0,0,0,0
13794,47.620251466477,-122.330302860007,0,0,0,0,0
13809,47.601816087931496,-122.335150328092,1,0,0,0,0
14397,47.6119880181479,-122.319035057384,1,0,0,0,0
14398,47.611843141893395,-122.318926788376,1,0,0,0,0
14601,47.630539207901705,-122.327351920202,0,0,0,0,0
14673,47.614176471686896,-122.32397491181,1,0,0,0,0
14677,47.614181848499,-122.31741897779699,1,0,0,0,0
14678,47.6140170792418,-122.317456810191,1,0,0,0,0
14697,47.61532186877339,-122.32278401656299,0,0,0,0,0
14698,47.6151517401511,-122.32274505466499,0,0,0,0,0
14701,47.615368934480706,-122.313672780332,0,0,0,0,0
14702,47.6152178785536,-122.31375253886502,0,0,0,0,0
14770,47.6230719204841,-122.320278553432,0,0,0,0,0
14949,47.61305104004929,-122.321222821412,0,0,0,0,0
14950,47.6129221627959,-122.321223774472,0,0,0,0,0
14953,47.613018025425795,-122.31879952993602,1,0,0,0,0
14954,47.612858603883794,-122.31914914314,1,0,0,0,0
16941,47.658380351665905,-122.312716196626,1,0,0,0,0
16942,47.65823369282706,-122.31260271873249,1,0,0,0,0
16953,47.659908393225095,-122.31711680544402,0,0,0,0,0
16954,47.65977834638419,-122.31724570703399,0,0,0,0,0
17065,47.6631762721626,-122.315868465608,0,0,0,0,0
17066,47.6630336117978,-122.315599230307,0,0,0,0,0
17613,47.679874999082095,-122.324848836441,1,0,0,0,0
17614,47.67974749419471,-122.32511622785101,1,0,0,0,0
17617,47.6799632828821,-122.32412213577801,1,0,0,0,0
17618,47.6798169629573,-122.324053199607,0,0,0,0,0
18166,47.6809007968221,-122.325575321376,1,0,0,0,0
18621,47.66952444010554,-122.38344025422552,1,0,0,0,0
18622,47.6693656302388,-122.3835094177963,1,0,0,0,0
19482,47.6685805885899,-122.378264420986,0,0,0,0,0
19485,47.66876766483265,-122.38116942234902,0,0,0,0,0
19486,47.668580612229796,-122.38075754556999,0,0,0,0,0
20833,47.5983750006816,-122.33476534071501,0,0,0,0,0
20834,47.598207945966784,-122.334863100904,0,0,0,0,0
20837,47.5983682762955,-122.332295571785,0,0,0,0,0
20838,47.598214709111005,-122.3322678186,0,0,0,0,0
20845,47.5984219565021,-122.32320503690701,1,0,0,0,0
20846,47.598274631738704,-122.32341171833299,1,0,0,0,0
21765,47.6009504477685,-122.334911989093,1,0,0,0,0
21766,47.600796949385604,-122.33492477427001,1,0,0,0,0
21773,47.60095590942701,-122.32971414088101,1,0,0,0,0
21774,47.60080252609149,-122.32982370363399,1,0,0,0,0
23781,47.62466707712589,-122.357234417385,1,0,0,0,0
23782,47.62450164897739,-122.357745362242,0,0,0,0,0
23873,47.62335047919685,-122.35740279294548,1,0,0,0,0
23874,47.6232079306333,-122.3574059042305,1,0,0,0,0
23881,47.625787464719686,-122.357345743743,1,0,0,0,0
24033,47.605783306904705,-122.33737737046002,0,0,0,0,0
24034,47.6056909671162,-122.33700671883301,0,0,0,0,0
24037,47.6129377572471,-122.34598277940901,0,0,0,0,0
24038,47.6130690745239,-122.345786055198,1,0,0,0,0
24041,47.6137495121945,-122.34735065731199,0,0,0,0,0
24042,47.61397909679971,-122.347338888361,0,0,0,0,0
24045,47.614874338161,-122.34923899653799,1,0,0,0,0
24046,47.6150654323419,-122.349174157466,1,0,0,0,0
24049,47.6181388078714,-122.354785898539,0,0,0,0,0
24050,47.6181546099129,-122.354411726686,0,0,0,0,0
24057,47.61914169161435,-122.35554999557449,0,0,0,0,0
24058,47.6195077065641,-122.355344189797,0,0,0,0,0
24222,47.59172763120711,-122.334028653868,0,0,0,0,0
24265,47.62037676126115,-122.35813769885401,0,0,0,0,0
24266,47.62025863253165,-122.3579438787295,0,0,0,0,0
24270,47.62397934803555,-122.3579223380125,0,0,0,0,0
24405,47.61455309361521,-122.318278007736,1,0,0,0,0
24406,47.614665663707896,-122.318036524338,1,0,0,0,0
24409,47.6159920227814,-122.318297026208,0,1,0,0,1
24410,47.6157531606238,-122.318041781376,1,1,0,0,0
24413,47.6170426551095,-122.31831391861351,0,0,0,0,0
24417,47.6181630905416,-122.31833170749451,1,0,0,0,0
24441,47.656631354412696,-122.31679232927601,0,0,0,0,0
24442,47.656538210827506,-122.316612982195,0,0,0,0,0
24449,47.66028766617,-122.316698517817,0,0,0,0,0
24553,47.6088573758788,-122.31690157243999,0,0,0,0,0
24554,47.6086632009599,-122.31665832703399,0,0,0,0,0
24557,47.610873591567795,-122.316937274553,1,0,0,0,0
24558,47.6109036188985,-122.316645367611,1,0,0,0,0
24569,47.614461220481004,-122.316979351386,1,0,0,0,0
24570,47.614742306904105,-122.316708075935,1,0,0,0,0
24829,47.6134791970763,-122.314335817187,1,0,0,0,0
24830,47.6133236248701,-122.314104240006,1,0,0,0,0
24833,47.6148134400046,-122.314344439813,1,0,0,0,0
24834,47.614727311214196,-122.314148455067,1,0,0,0,0
25041,47.662649411897284,-122.312069678158,0,0,0,0,0
25042,47.66248218708025,-122.31182059627301,0,0,0,0,0
25701,47.60842628267859,-122.338289650357,1,0,0,0,0
25705,47.6110190976414,-122.34077321728502,1,0,0,0,0
25706,47.6115202092599,-122.34118939195,1,0,0,0,0
25709,47.613372031122005,-122.344733381728,1,0,0,0,0
25710,47.6137569058499,-122.344971710722,1,0,0,0,0
25713,47.6143348538906,-122.34635912794799,1,0,0,0,0
25714,47.614506205529096,-122.34625577197399,1,0,0,0,0
25717,47.6160733035629,-122.34928293427102,0,0,0,0,0
25718,47.616271665231494,-122.349230298664,0,0,0,0,0
27277,47.6148575024181,-122.34526196253799,1,0,0,0,0
27281,47.616628720953294,-122.34822678696501,0,0,0,0,0
27393,47.60136103757811,-122.33036347995001,1,0,0,0,0
27394,47.60111467589879,-122.33014962583599,1,0,0,0,0
27398,47.6005673557724,-122.330176320509,1,0,0,0,0
27402,47.599335892837296,-122.33018990970699,1,0,0,0,0
28946,47.60233147047789,-122.32933555032301,0,0,0,0,0
28949,47.6087577996513,-122.335537176118,0,0,0,0,0
28953,47.615503852769095,-122.344372435871,1,0,0,0,0
28954,47.615693903249294,-122.344250474095,1,0,0,0,0
28957,47.616913904400796,-122.34675748283202,0,0,0,0,0
28958,47.6171292968402,-122.34671520832302,0,0,0,0,0
28961,47.61789829596599,-122.34841041532302,0,0,0,0,0
28962,47.61812900528901,-122.348412615688,0,0,0,0,0
30101,47.6169420778641,-122.344784531136,0,0,0,0,0
30102,47.6171329532288,-122.344725544983,0,0,0,0,0
30697,47.611386919045295,-122.334825701901,0,0,0,0,0
30698,47.611661795531305,-122.33481496489901,1,0,0,0,0
30701,47.6132391397462,-122.336593706135,0,0,0,0,0
30702,47.6133922355836,-122.33651097539699,0,0,0,0,0
30705,47.6181309217498,-122.34485180073999,0,0,0,0,0
30706,47.6182748007892,-122.34467629428002,0,0,0,0,0
30969,47.6138776812509,-122.335724552686,0,0,0,0,0
30970,47.6139860688443,-122.335574934893,0,0,0,0,0
30974,47.6182520856096,-122.342826911611,0,0,0,0,0
31058,47.615281603014296,-122.335691727324,0,0,0,0,0
31062,47.6170457768598,-122.33864315151001,0,0,0,0,0
31297,47.6101430448499,-122.329046376117,0,0,0,0,0
31302,47.6174642886658,-122.33740600466601,1,0,0,0,0
31309,47.61926766567785,-122.3399367616025,0,0,0,0,0
31310,47.6192563921943,-122.339661424336,0,0,0,0,0
31313,47.6214916181075,-122.33988194019399,0,0,0,0,0
31314,47.62121752069489,-122.339660943306,0,0,0,0,0
31485,47.60657307604429,-122.341167009437,0,0,0,0,0
31486,47.6065535166165,-122.340871067411,0,0,0,0,0
31493,47.6102929549977,-122.34703207433998,0,0,0,0,0
31494,47.6103357589254,-122.346666024691,0,0,0,0,0
31498,47.6109452007991,-122.347684984771,0,0,0,0,0
31509,47.60355393220679,-122.337966788008,0,0,0,0,0
31541,47.604138450301505,-122.321245277371,0,0,0,0,0
31542,47.6039834398444,-122.321246002759,0,0,0,0,0
31593,47.6272168005017,-122.340358060882,0,0,0,0,0
31849,47.667051263731956,-122.384105956655,0,0,0,0,0
31850,47.66720059578199,-122.383981062371,0,0,0,0,0
31853,47.66809727952303,-122.38568163664101,1,0,0,0,0
31854,47.6681519120971,-122.385436400982,1,0,0,0,0
31889,47.614500509636095,-122.34751925662701,0,0,0,0,0
31890,47.61436753775,-122.34736806583,0,0,0,0,0
31893,47.615749929536,-122.345892381816,0,0,0,0,0
31894,47.615632939768105,-122.34573128695,0,0,0,0,0
32017,47.612399145178394,-122.347914848836,0,0,0,0,0
32018,47.6122960403763,-122.347746584317,0,0,0,0,0
32022,47.6136852531342,-122.345950404002,1,0,0,0,0
32026,47.614831190298005,-122.34447361078101,0,0,0,0,0
32030,47.6155169985577,-122.343586501887,1,0,0,0,0
32049,47.6138506916672,-122.324523832379,1,0,0,0,0
32053,47.6156833106468,-122.324600063469,0,0,0,0,0
32054,47.615706572667996,-122.324357080132,0,0,0,0,0
32121,47.6204400526483,-122.33597808962,0,0,0,0,0
32122,47.62028866922101,-122.33574412904699,0,0,0,0,0
32125,47.622778569951706,-122.335971183123,0,0,0,0,0
32126,47.622640846459895,-122.335712758417,0,0,0,0,0
32129,47.62387831857511,-122.33594607836149,0,0,0,0,0
32130,47.6238952429778,-122.335714795912,0,0,0,0,0
32173,47.6134773494549,-122.323478903598,0,0,0,0,0
32177,47.615623944017,-122.323540722305,0,0,0,0,0
32249,47.6049480394825,-122.320876919812,0,0,0,0,0
32257,47.6101181226135,-122.320875799335,0,0,0,0,0
32258,47.60965646706625,-122.320631799154,0,0,0,0,0
32262,47.610397390499294,-122.32063309548,0,0,0,0,0
32265,47.62241398311989,-122.32103458653499,1,0,0,0,0
32266,47.62268112326301,-122.320795506878,1,0,0,0,0
32289,47.6641640056738,-122.31433116498432,0,0,0,0,0
32290,47.66382313534606,-122.31411727098069,0,0,0,0,0
32425,47.6155858843286,-122.351067675122,0,0,0,0,0
32426,47.6153078635965,-122.35108272768801,0,0,0,0,0
32429,47.617547685466995,-122.348510147408,0,0,0,0,0
32430,47.6174460935073,-122.34830759591999,0,0,0,0,0
32433,47.6181380883957,-122.347751739327,0,0,0,0,0
32434,47.617924478133496,-122.347710327556,0,0,0,0,0
32461,47.6028407779912,-122.333830134778,1,0,0,0,0
32462,47.6027016074625,-122.33373128768,1,0,0,0,0
32466,47.6054184974231,-122.32724424407101,0,0,0,0,0
32470,47.6059472342206,-122.326025878864,0,0,0,0,0
32489,47.617575725924304,-122.35015356473,0,0,0,0,0
32490,47.617274106878995,-122.35017727575202,0,0,0,0,0
32546,47.603467026711094,-122.33427518264799,0,0,0,0,0
32550,47.603855645656004,-122.33333821154498,0,0,0,0,0
32554,47.60668317440229,-122.326609134589,0,0,0,0,0
32557,47.6082174084854,-122.32327877974701,0,0,0,0,0
32558,47.608125029736996,-122.32313738604302,0,0,0,0,0
32849,47.6185843972884,-122.32989733770901,1,0,0,0,0
32910,47.621292278261606,-122.342195748266,0,0,0,0,0
32914,47.63185631605401,-122.34215941709,0,0,0,0,0
33005,47.62044016976561,-122.329281545559,0,0,0,0,0
33142,47.61943003174271,-122.334178609851,0,0,0,0,0
33145,47.620269290155,-122.334463173925,0,0,0,0,0
33146,47.6204274537759,-122.334184314435,0,0,0,0,0
33273,47.6509154207277,-122.350005420486,1,0,0,0,0
33274,47.6508476633121,-122.349770257932,1,0,0,0,0
33338,47.650974282123,-122.35045487196,1,0,0,0,0
33518,47.621893896677506,-122.33231455822501,0,0,0,1,0
33673,47.6151265880984,-122.33293458081499,0,0,0,0,0
33674,47.615116626295794,-122.332640886215,0,0,0,0,0
33677,47.6177650431668,-122.32951737458599,0,0,0,0,0
33733,47.6026466683675,-122.33189510056299,1,0,0,0,0
33734,47.60250058921795,-122.33185918632601,1,0,0,0,0
33741,47.619819974866196,-122.347159748898,0,0,0,0,0
33742,47.61965500764649,-122.34702775629101,1,0,0,0,0
33745,47.6197462317273,-122.331130294022,0,0,0,0,0
33746,47.61958726524261,-122.33111325836651,0,0,0,0,0
33990,47.614224441167096,-122.340684376724,1,0,0,0,0
33993,47.618188050292005,-122.335873920204,1,0,0,0,0
33994,47.6180691895014,-122.335666765819,1,0,0,0,0
34214,47.605852146114394,-122.33328020781799,1,0,0,0,0
34222,47.6077045875914,-122.32883638129,0,0,0,0,0
34293,47.603430465998485,-122.337096888021,0,0,0,0,0
34294,47.6032837122158,-122.337062299937,0,0,0,0,0
34301,47.60388556110271,-122.336009986721,0,0,0,0,0
34305,47.60835820578139,-122.325284990468,0,0,0,0,0
34306,47.6082548835705,-122.325223729042,0,0,0,0,0
34309,47.60963309568734,-122.3223219332615,0,0,0,0,0
34310,47.60956404068914,-122.322101658634,1,0,0,0,0
34386,47.62444695363521,-122.340429042589,0,0,0,0,0
34477,47.6080124616506,-122.322507975228,0,0,0,0,0
34481,47.61085177115901,-122.32510057821199,1,0,0,0,0
34482,47.6108787164954,-122.324874930336,1,0,0,0,0
34489,47.61793832578039,-122.332580335747,0,0,0,0,0
34490,47.6179638046434,-122.332278638636,0,0,0,0,0
34501,47.62022790582439,-122.333100617675,0,0,0,0,0
34502,47.620151941065004,-122.33286094470101,0,0,0,0,0
34505,47.62149719628611,-122.33310799109199,0,0,0,0,0
34506,47.621270780900495,-122.33286742365401,0,0,0,0,0
34509,47.6226100396921,-122.33311451030599,0,0,0,0,0
34510,47.622550570235205,-122.332866804807,0,0,0,0,0
34518,47.6263657550779,-122.33245610313699,0,0,0,0,0
34569,47.6159382825013,-122.32011650560699,0,1,1,1,1
34661,47.6130144588044,-122.336789818648,0,0,0,0,0
34837,47.610552902540505,-122.33611967475001,0,0,0,0,0
34838,47.610315696653004,-122.336239879823,0,0,0,0,0
34841,47.610956976350685,-122.33512636871599,0,0,0,0,0
34850,47.61271846403171,-122.33381011643401,0,0,0,0,0
34877,47.6203900171139,-122.331818718845,0,0,0,0,0
34878,47.620289518653294,-122.331562635956,0,0,0,0,0
34881,47.62139085369311,-122.331845426036,0,0,0,1,0
34885,47.6225585608949,-122.331832576005,0,0,0,0,0
34890,47.62454510697479,-122.33162576710899,0,0,0,0,0
34937,47.6235674784889,-122.356826983655,1,0,0,0,0
34938,47.62378849434455,-122.356614315099,1,0,0,0,0
35197,47.62327361120701,-122.336588546307,0,0,0,0,0
35198,47.6231351515267,-122.336238408355,0,0,0,0,0
35201,47.623201011458704,-122.331032659612,0,0,0,0,0
35202,47.6230416762834,-122.331148746559,0,0,0,0,0
35234,47.6574366132763,-122.31770682767001,0,0,0,0,0
35237,47.6605402532908,-122.317821081756,0,0,0,0,0
35242,47.662433872430896,-122.31734256482201,0,0,0,0,0
35333,47.62551230765229,-122.35237638412902,0,0,0,0,0
35417,47.606814122867604,-122.33609639848801,1,0,0,0,0
35421,47.6073274017926,-122.334892753655,0,0,0,0,0
35422,47.60726286667415,-122.33460787612199,0,0,0,0,0
35429,47.6097471515052,-122.329102400316,0,0,0,0,0
35430,47.60959644234649,-122.32903115091601,0,0,0,0,0
35433,47.6100975420543,-122.328272419157,0,0,0,0,0
35434,47.610098791292295,-122.327845652149,0,0,0,0,0
35437,47.61233206156601,-122.322902018351,0,0,0,0,0
35438,47.6123719334623,-122.32239513768002,0,0,0,0,0
35501,47.61029430145639,-122.32538141331,1,0,0,0,0
35502,47.610287677264004,-122.325042716022,0,0,0,0,0
35505,47.6117064400615,-122.322012283103,0,0,0,0,0
35506,47.611570442337104,-122.321982920857,0,0,0,0,0
35525,47.613948712179095,-122.336749115382,0,0,0,0,0
35526,47.6137652852423,-122.33668460391199,0,0,0,0,0
35529,47.6179241082022,-122.33165097053103,0,0,0,0,0
35530,47.61781733393239,-122.33143357057199,0,0,0,0,0
35681,47.66780395963835,-122.380822689291,0,0,0,0,0
35682,47.667961799248225,-122.380770207731,0,0,0,0,0
35693,47.619157680602505,-122.34645713644649,1,0,0,0,0
35694,47.61926048322179,-122.346152129423,0,0,0,0,0
35705,47.6048360718571,-122.321920678195,0,0,0,0,0
35706,47.6047815198847,-122.321681056285,0,0,0,0,0
35713,47.6035473323814,-122.32149817726601,0,0,0,0,0
35714,47.603549120227,-122.32127106323799,0,0,0,0,0
35717,47.6042017920547,-122.32207709161501,0,0,0,0,0
35718,47.6042454693977,-122.321926401152,0,0,0,0,0
35730,47.6160838778864,-122.33302809244199,0,0,0,0,0
35745,47.6209505167425,-122.33768131530898,0,0,0,0,0
35749,47.62089231182,-122.33228284076401,0,0,0,0,0
35750,47.6207439213449,-122.33240939957001,0,0,0,0,0
35794,47.608366036685496,-122.337625719477,1,0,0,0,0
35797,47.6096417983538,-122.335000993966,1,0,0,0,0
35798,47.6094223144084,-122.335070961705,1,0,0,0,0
35821,47.610862805147896,-122.32873943613102,1,0,0,0,0
35822,47.61072282791429,-122.328735049472,1,0,0,0,0
35825,47.611278800168506,-122.32776019463002,0,0,0,0,0
35826,47.6111438737965,-122.327712824677,0,0,0,0,0
35829,47.6117291732695,-122.32672220401399,0,0,0,0,0
35830,47.611641534205894,-122.326523262218,0,0,0,0,0
35837,47.65456806610325,-122.31341088682849,0,0,0,0,0
35838,47.654699567862,-122.31318831038999,0,0,0,0,0
35841,47.65646741331779,-122.313357088169,1,0,0,0,0
35842,47.656552170722705,-122.31314789222701,1,0,0,0,0
35845,47.662282531736004,-122.31321560443352,0,0,0,0,0
35846,47.662078622568906,-122.3130158110535,0,0,0,0,0
35849,47.6635330976121,-122.313196483927,0,0,0,0,0
35850,47.663992114977106,-122.3129845312595,0,0,0,0,0
35881,47.6263379087839,-122.34152693191099,0,0,0,0,0
35882,47.6261844881489,-122.34155450028,0,0,0,0,0
35886,47.6256308287463,-122.33787144473999,0,0,0,0,0
35889,47.6260452221879,-122.33131265152201,0,0,0,0,0
35890,47.625906863991794,-122.33171649514502,0,0,0,0,0
35909,47.612024504962704,-122.341548010449,0,0,0,0,0
35941,47.613860413888396,-122.349961763159,0,0,0,0,0
35942,47.613615916524,-122.35000876263001,0,0,0,0,0
35945,47.6171702212765,-122.34568591729999,0,0,0,0,0
35946,47.616935919140396,-122.345719340525,0,0,0,0,0
36009,47.620238464414996,-122.35427190436,0,0,0,0,0
36010,47.62034816622175,-122.3539952741595,0,0,0,0,0
36013,47.62526735758121,-122.354190172119,0,0,0,0,0
36014,47.625138177115204,-122.353996571219,0,0,0,0,0
36093,47.602355318911,-122.335795318726,1,0,0,0,0
36094,47.60225682970705,-122.33550820957399,1,0,0,0,0
36097,47.6045183232763,-122.337750404308,0,0,0,0,0
36098,47.6046295343594,-122.337561369913,1,0,0,0,0
36101,47.60606635727,-122.339181038674,1,0,0,0,0
36102,47.60593802109379,-122.338796602319,1,0,0,0,0
36105,47.607792688837,-122.340751047338,1,0,0,0,0
36106,47.6079529314901,-122.34058296153201,1,0,0,0,0
36109,47.613652533364494,-122.349162818864,0,0,0,0,0
36110,47.613811121387904,-122.34906762989901,1,0,0,0,0
36113,47.6142253293612,-122.35010036876801,0,0,0,0,0
36114,47.6143708852002,-122.350013903417,1,0,0,0,0
36117,47.6148188599926,-122.351103620262,0,0,0,0,0
36118,47.6149662842801,-122.351020331316,0,0,0,0,0
36121,47.6153781975757,-122.35204959556499,0,0,0,0,0
36122,47.615468088419,-122.35186901281502,0,0,0,0,0
36125,47.6173597640234,-122.355451249432,0,0,0,0,0
36126,47.617480384661505,-122.355279507861,0,0,0,0,0
36134,47.6129455457125,-122.33723167276202,0,0,0,0,0
36137,47.6158153159695,-122.338132260085,0,0,0,0,0
36138,47.615764446166345,-122.33778122674951,0,0,0,0,0
36141,47.6168220865365,-122.33820671777201,1,0,0,0,0
36142,47.6172870920653,-122.33805585551701,1,0,0,0,0
36146,47.6181898979801,-122.338302570854,0,0,0,0,0
36149,47.62433126836579,-122.338571009983,0,0,0,0,0
36158,47.628230971561614,-122.34002183268952,0,0,0,0,0
36162,47.63894973551635,-122.34092121539699,0,0,0,0,0
36309,47.6793406470561,-122.32476155884501,0,0,0,0,0
36310,47.6794674169734,-122.324529868589,0,0,0,0,0
36313,47.6801204562947,-122.32469448556499,1,0,0,0,0
36490,47.6079628389808,-122.310903408724,0,0,0,0,0
36493,47.608097479569395,-122.309653418296,0,0,0,0,0
36494,47.60795542420689,-122.309783947551,0,0,0,0,0
36646,47.67992731559771,-122.32561707366101,1,0,0,0,0
36674,47.6782231364639,-122.32796864593901,0,1,0,0,0
36678,47.678652301684195,-122.3264160069,0,1,0,0,0
36813,47.6062447611931,-122.30975880429001,0,0,0,0,0
36814,47.6061062296636,-122.309420132204,0,0,0,0,0
37129,47.61416326280089,-122.326541398207,1,0,0,0,0
37130,47.6140139808026,-122.326329678288,1,0,0,0,0
37133,47.6141511144894,-122.322725901857,1,0,0,0,0
37134,47.6139888801003,-122.32275951123002,0,0,0,0,0
37137,47.6141691461013,-122.31997350127199,1,0,0,0,0
37138,47.6139951471306,-122.320152664756,1,0,0,0,0
37141,47.6142001565355,-122.314823719655,1,0,0,0,0
37142,47.614035733512104,-122.314813087552,1,0,0,0,0
37174,47.615133890128014,-122.325959419867,1,0,0,0,0
37177,47.615316103610795,-122.32389271385,0,0,0,0,0
37178,47.61515700931089,-122.323906835097,0,0,0,0,0
37181,47.615329698327294,-122.32181583368201,1,0,0,0,0
37185,47.615346881792796,-122.32014286887,0,1,1,0,0
37186,47.61517346320021,-122.32024102785,1,1,0,0,0
37189,47.61534013222801,-122.31613575079099,0,0,0,0,0
37190,47.615204613101795,-122.315907344997,0,0,0,0,0
37437,47.61302298784421,-122.31987732506599,1,0,0,0,0
37438,47.6128716320795,-122.32009923703801,1,0,0,0,0
37821,47.650758501253904,-122.350889639709,0,0,0,0,0
37822,47.6505812690113,-122.350794693869,1,0,0,0,0
39293,47.6554128344479,-122.31249468974902,0,0,0,0,0
39329,47.6569450345427,-122.316061854449,0,0,0,0,0
39330,47.6567897695096,-122.316146814727,0,0,0,0,0
39333,47.65693409191871,-122.31492982218398,0,0,0,0,0
39334,47.656780716355705,-122.31505725949802,0,0,0,0,0
39337,47.6569045844771,-122.312960944184,1,0,0,0,0
39338,47.6567619834885,-122.312746589675,1,0,0,0,0
39485,47.6631583237499,-122.312821717784,0,0,0,0,0
39486,47.66304427792849,-122.312593036008,0,0,0,0,0
39945,47.679221144527396,-122.32407359317202,0,0,0,0,0
39946,47.679080894219005,-122.324033868026,0,0,0,0,0
41030,47.67009761556966,-122.38628814129835,0,0,0,0,0
41721,47.668772307088496,-122.38546957703899,1,0,0,0,0
41722,47.668585525343396,-122.385099769951,1,0,0,0,0
41725,47.668758251679,-122.388934384834,0,0,0,0,0
41726,47.668589146057755,-122.3887168298177,0,0,0,0,0
42961,47.599291056736895,-122.32436791889,1,0,0,0,0
42962,47.599095849053704,-122.32402920295401,1,0,0,0,0
43053,47.598370082255286,-122.333455196446,1,0,0,0,0
43054,47.5982113763628,-122.33364976395,1,0,0,0,0
43057,47.598423715518386,-122.327225405042,0,0,0,0,0
43058,47.5982861697481,-122.32692648776,0,0,0,0,0
43118,47.596595887499504,-122.3257747202375,0,0,0,0,0
43121,47.596755508080456,-122.324410489749,0,0,0,0,0
43193,47.6001187786137,-122.33118580130699,1,0,0,0,0
43197,47.60011444261029,-122.328245226631,1,0,0,0,0
43905,47.60096724925069,-122.333429924017,1,0,0,0,0
43906,47.600808198326995,-122.333393994313,1,0,0,0,0
43910,47.600789687902896,-122.326904064857,0,0,0,0,0
43913,47.600946590676095,-122.32578052305401,0,0,0,0,0
43914,47.600787263937704,-122.325611677892,0,0,0,0,0
43941,47.5975951619833,-122.326790825648,0,0,0,0,0
43942,47.5974367165191,-122.327267635709,0,0,0,0,0
43945,47.5975876898676,-122.32220122453,0,0,0,0,0
43946,47.5974286199327,-122.32217378006901,0,0,0,0,0
45973,47.6246775410298,-122.358645676028,0,0,0,0,0
45974,47.624504822161754,-122.35864498632749,0,0,0,0,0
46082,47.62323143309304,-122.35867342515301,1,0,0,0,0
46245,47.60830338429621,-122.339683010718,1,0,0,0,0
46246,47.6082364610645,-122.33933579203999,1,0,0,0,0
46250,47.6093713313616,-122.34037387948099,1,0,0,0,0
46253,47.61144475080071,-122.343458080188,0,0,0,0,0
46254,47.611497540037604,-122.34315329146798,0,0,0,0,0
46257,47.62026753306185,-122.35554066581751,0,0,0,0,0
46258,47.6202872825242,-122.3553377595655,0,0,0,0,0
46409,47.59754447122744,-122.33434158293949,1,0,0,0,0
46410,47.597525226100544,-122.334041668459,1,0,0,0,0
46457,47.622792045683454,-122.35811505513651,0,0,0,0,0
46458,47.6227326109136,-122.35793708731151,0,0,0,0,0
46725,47.6065735097934,-122.31690197752701,0,0,0,0,0
46726,47.606617061061705,-122.316658739687,0,0,0,0,0
46729,47.6071924070007,-122.316901778627,0,0,0,0,0
46730,47.607167812689,-122.31665855898198,0,0,0,0,0
46765,47.661761096937894,-122.315548074644,0,0,0,0,0
46766,47.662044261924066,-122.31525095247835,0,0,0,0,0
46917,47.61387731124201,-122.315647892387,1,0,0,0,0
47213,47.65219304517154,-122.31351606315799,0,0,0,0,0
47225,47.6604690315784,-122.312079134507,1,0,0,0,0
47958,47.602758871415205,-122.332757629203,1,0,0,0,0
47961,47.604036831785,-122.33426943727301,0,0,0,0,0
47962,47.6040956531498,-122.33399435935699,0,0,0,0,0
47966,47.6064037293431,-122.336124616112,1,0,0,0,0
47969,47.6096696074804,-122.339422333186,0,0,0,0,0
47970,47.60999122410029,-122.339368599179,0,0,0,0,0
48125,47.600557670623786,-122.33110383406799,1,0,0,0,0
48129,47.60132552251849,-122.33180018555299,0,0,0,0,0
48213,47.6683342593065,-122.382252222152,1,0,0,0,0
48214,47.66819882595135,-122.3820088946195,1,0,0,0,0
48449,47.668183944369744,-122.38488355227702,1,0,0,0,0
48450,47.668193533167,-122.38460757199051,1,0,0,0,0
48769,47.669156120352,-122.387733277051,0,0,0,0,0
48770,47.669103449313496,-122.387415959666,0,0,0,0,0
49649,47.6132945763618,-122.342624325692,0,0,0,0,0
49650,47.6135134307512,-122.34255100769501,0,0,0,0,0
49653,47.6141138209245,-122.343972958963,1,0,0,0,0
49654,47.614400151575396,-122.34407535777703,0,0,0,0,0
49657,47.615678150704,-122.346618672549,0,0,0,0,0
49658,47.6159357078354,-122.346672488904,0,0,0,0,0
51470,47.605224849816,-122.33197680994199,0,0,0,0,0
51473,47.6063819296527,-122.33337370999,1,0,0,0,0
51474,47.60639606400971,-122.33304815894802,1,0,0,0,0
51477,47.607785802747095,-122.334633229513,0,0,0,0,0
51478,47.6078133790305,-122.334329492559,0,0,0,0,0
51481,47.6096720320379,-122.336349749223,0,0,0,0,0
51485,47.612585555270606,-122.339435311164,0,0,0,0,0
51489,47.6148137962324,-122.34322309564101,1,0,0,0,0
51490,47.615084908021096,-122.34325672299902,1,0,0,0,0
51493,47.619069847175,-122.34905544558501,0,0,0,0,0
51494,47.618961521551,-122.348785668433,0,0,0,0,0
52521,47.6133989537082,-122.338797304244,0,0,0,0,0
52522,47.613541458319304,-122.33863181151001,0,0,0,0,0
52525,47.6163541437468,-122.34379848327602,1,0,0,0,0
52526,47.616507812882006,-122.343677025804,0,0,0,0,0
52529,47.617551807842396,-122.34581546585102,0,0,0,0,0
52530,47.617722922621695,-122.345722940749,0,0,0,0,0
53125,47.616213565546396,-122.341616704669,0,0,0,0,0
53126,47.6163744665985,-122.34145151155,0,0,0,0,0
53129,47.6170113639217,-122.342965435118,0,0,0,0,0
53130,47.617182567598896,-122.34282997316403,0,0,0,0,0
53133,47.619359655776385,-122.345164598827,1,0,0,0,0
53134,47.619202670834795,-122.344848201948,0,0,0,0,0
53137,47.62029207965535,-122.34515318878,1,0,0,0,0
53138,47.62021970048154,-122.34482874433,1,0,0,0,0
53142,47.622596587198885,-122.344859821318,0,0,0,0,0
53237,47.59874341333529,-122.32646365417,0,0,0,0,0
53238,47.59868428907401,-122.326261232793,0,0,0,0,0
53241,47.5970945299432,-122.32647011723999,0,0,0,0,0
53242,47.5970722998645,-122.326267553878,0,0,0,0,0
53422,47.61323224793429,-122.33471165603102,1,0,0,0,0
53429,47.6154707558364,-122.338363082533,0,0,0,0,0
53433,47.616903279576704,-122.340847793418,0,0,0,0,0
53434,47.617152397319096,-122.34078866210301,0,0,0,0,0
53542,47.613445160761394,-122.33336319104099,0,0,0,0,0
53545,47.6258880545936,-122.34116926216299,0,0,0,0,0
53546,47.6258240846151,-122.34089405970501,0,0,0,0,0
53549,47.62817506141585,-122.341132394814,0,0,0,0,0
53550,47.62769576385129,-122.34085609676599,0,0,0,0,0
53797,47.6140239358626,-122.332624288605,0,0,0,0,0
53805,47.616864671631205,-122.336706466925,1,0,0,0,0
53806,47.6169897236598,-122.33660383501999,1,0,0,0,0
53809,47.6235538173213,-122.339853976989,0,0,0,0,0
53810,47.623542095836804,-122.339643203714,0,0,0,0,0
53997,47.60272945193871,-122.337627854862,0,0,0,0,0
53998,47.6027169310238,-122.337370041404,0,0,0,0,0
54002,47.60558719407621,-122.33997894167801,1,0,0,0,0
54005,47.60719843387071,-122.341849057736,0,0,0,0,0
54006,47.6072728498549,-122.341623253679,0,0,0,0,0
54009,47.6122398972476,-122.35031824548,0,0,0,0,0
54038,47.6035799417539,-122.32221104775101,0,0,0,0,0
54073,47.6269255765137,-122.33148323924401,0,0,0,0,0
54074,47.6267942110204,-122.331425470556,0,0,0,0,0
54305,47.613835674737004,-122.348384820139,1,0,0,0,0
54409,47.61828523395351,-122.340322839249,0,0,0,0,0
54410,47.6181616253086,-122.340181018765,0,0,0,0,0
54449,47.6145618132881,-122.324589733409,1,0,0,0,0
54450,47.61459888876511,-122.32433883246,0,0,0,0,0
54513,47.61227462005,-122.345782044159,1,0,0,0,0
54514,47.6122683000688,-122.34551025185199,1,0,0,0,0
54606,47.6103977945996,-122.321406339517,0,0,0,0,0
54609,47.6124979271196,-122.32354697139999,0,0,0,0,0
54610,47.6125306957856,-122.323352969348,0,0,0,0,0
54669,47.616782423219604,-122.352875812095,0,0,0,0,0
54673,47.6180675163048,-122.35118191386002,0,0,0,0,0
54722,47.61198836052304,-122.3206232119385,0,0,0,0,0
54725,47.6145356096999,-122.320913314205,1,0,0,0,0
54729,47.61589901152221,-122.320947010252,1,0,0,0,0
54730,47.6159446242229,-122.320692284108,0,1,1,1,0
54733,47.621518826201495,-122.321016317066,1,0,0,0,0
54734,47.6215820747773,-122.320769958442,1,0,0,0,0
54737,47.623721304876796,-122.32105939705549,0,0,0,0,0
54738,47.6239199568394,-122.32081517995701,0,0,0,0,0
54741,47.6254097123883,-122.32144270367502,0,0,0,0,0
54754,47.611826211220006,-122.31978710064699,1,0,0,0,0
54765,47.65766313056484,-122.31448835394501,0,0,0,0,0
54766,47.65755838786532,-122.31427601282067,0,0,0,0,0
54953,47.61694967129189,-122.349315538642,0,0,0,0,0
54954,47.61662539194701,-122.349368476475,0,0,0,0,0
54985,47.618104504669894,-122.34944297490499,0,0,0,0,0
54986,47.61803661349349,-122.349223774117,0,0,0,0,0
55025,47.6073894317876,-122.325266681687,0,0,0,0,0
55026,47.607193829591296,-122.325379962258,0,0,0,0,0
55369,47.6195153448036,-122.34255973331699,1,0,0,0,0
55370,47.6192790443095,-122.342229286246,1,0,0,0,0
55373,47.620388184468204,-122.34256441986,1,0,0,0,0
55374,47.6201760274197,-122.342209400766,1,0,0,0,0
55377,47.623816372445404,-122.342534482597,0,0,0,0,0
55409,47.6019931166876,-122.329796411353,1,0,0,0,0
55410,47.601918588094996,-122.329623015231,1,0,0,0,0
55429,47.6173740242546,-122.354401531015,0,0,0,0,0
55430,47.6173729540487,-122.35410151998998,0,0,0,0,0
55449,47.6224961316161,-122.329290336509,1,0,0,0,0
55453,47.63147864158865,-122.32682858860001,0,0,0,0,0
55454,47.631060617399704,-122.326851136339,0,0,0,0,0
55473,47.6114743495266,-122.345737880161,0,0,0,0,0
55474,47.61138122556135,-122.345973228279,0,0,0,0,0
55637,47.62149432065989,-122.334462015406,0,0,0,0,0
55638,47.6212035081447,-122.334184676801,0,0,0,0,0
56073,47.6221372828595,-122.339214244922,1,0,0,0,0
56074,47.62195136967969,-122.339351068178,1,0,0,0,0
56082,47.6219131421389,-122.329855360949,0,0,0,0,0
56149,47.61473999644979,-122.322008422412,1,0,0,0,0
56150,47.614667171907904,-122.322234289818,1,0,0,0,0
56241,47.6171905078022,-122.33027270259599,0,0,0,0,0
56246,47.6121970560287,-122.32994026123801,0,0,0,0,0
56345,47.6198252572581,-122.34558891707898,1,0,0,0,0
56346,47.6196393536138,-122.34573207577,1,0,0,0,0
56349,47.6198146813688,-122.342830622157,1,0,0,0,0
56350,47.6196370167715,-122.342957342294,1,0,0,0,0
56353,47.619812872954206,-122.34167974155599,0,0,0,0,0
56354,47.6196295938799,-122.341786322716,0,0,0,0,0
56357,47.6197765296176,-122.337723311208,0,0,0,0,0
56358,47.619627885184,-122.337571066604,0,0,0,0,0
56362,47.61965288059101,-122.336249596387,0,0,0,0,0
56653,47.667774498125105,-122.383620045666,1,0,0,0,0
56654,47.66774453191461,-122.38320083574499,1,0,0,0,0
56682,47.6114200316843,-122.344311976198,1,0,0,0,0
56685,47.6149151589308,-122.34006578518499,0,0,0,0,0
56686,47.6146232963669,-122.340173896075,0,0,0,0,0
56901,47.604436508552894,-122.337044653874,1,0,0,0,0
56902,47.604372464122,-122.336820223582,1,0,0,0,0
56910,47.61046868690389,-122.322227125931,0,0,0,0,0
56977,47.6052430449472,-122.332763384475,0,0,0,0,0
56982,47.6074444107418,-122.32717729928899,1,0,0,0,0
57017,47.597138908934205,-122.325160783247,1,0,0,0,0
57018,47.597105793891494,-122.324974473512,1,0,0,0,0
57077,47.62466966379779,-122.35069159905599,0,0,0,0,0
57190,47.607384100333206,-122.32170532907699,0,0,0,0,0
57194,47.617207791074,-122.33097029161699,1,0,0,0,0
57197,47.6237769113496,-122.333117361429,0,0,0,0,0
57198,47.62368170193751,-122.332889706476,0,0,0,0,0
57201,47.62561101024839,-122.332683212887,0,0,0,0,0
57202,47.625636435467996,-122.332448202325,0,0,0,0,0
57269,47.6180854514672,-122.320142613539,0,0,0,0,0
57349,47.6013081739736,-122.332984628972,1,0,0,0,0
57350,47.60141988341021,-122.332765346215,1,0,0,0,0
57353,47.59880661040361,-122.332989192777,1,0,0,0,0
57354,47.5986859564894,-122.332770747663,1,0,0,0,0
57377,47.612532424570006,-122.337947102458,0,0,0,0,0
57382,47.614274371582496,-122.33334737118099,0,0,0,0,0
57386,47.61555183959229,-122.330300517871,0,0,0,0,0
57513,47.6123825156322,-122.331645307202,0,0,0,0,0
57517,47.6132363798703,-122.32967847422199,0,0,0,0,0
57518,47.6131823506292,-122.329329503411,0,0,0,0,0
57526,47.61091834640389,-122.33805910715,0,0,0,0,0
57549,47.6237406524022,-122.331839833478,0,0,0,0,0
57550,47.6236988798876,-122.331604379865,0,0,0,0,0
57565,47.6033618324175,-122.335924792389,0,0,0,0,0
57574,47.6013247017993,-122.329580177015,1,0,0,0,0
57861,47.623353687929246,-122.35607058495752,1,0,0,0,0
57862,47.623197605703496,-122.3561164209985,1,0,0,0,0
57874,47.623078253171606,-122.329870087783,1,0,0,0,0
57898,47.65900999345255,-122.317665965862,1,0,0,0,0
57902,47.663798588066435,-122.31731868427799,1,0,0,0,0
57914,47.675428949989396,-122.317261712453,1,0,0,0,0
57990,47.6253449350082,-122.34288397667702,0,0,0,0,0
58077,47.606400936216005,-122.33708458386002,1,0,0,0,0
58078,47.6062829110277,-122.33695058815901,1,0,0,0,0
58081,47.6082751664287,-122.332605520931,0,0,0,0,0
58085,47.611199325359294,-122.32565346511801,1,0,0,0,0
58086,47.61104199360621,-122.325590330443,1,0,0,0,0
58177,47.60673766275129,-122.33394545571998,1,0,0,0,0
58181,47.60842278246501,-122.329871333455,0,0,0,0,0
58182,47.6083095952631,-122.32977972734699,0,0,0,0,0
58185,47.6089803292406,-122.32855334220801,0,0,0,0,0
58186,47.6087828938862,-122.32862468931603,0,0,0,0,0
58193,47.60992658798629,-122.326275977416,0,0,0,0,0
58194,47.6097420598196,-122.326347214816,0,0,0,0,0
58197,47.6108433542932,-122.32409168771,0,0,0,0,0
58198,47.61057845020429,-122.324331957971,0,0,0,0,0
58222,47.61467978048179,-122.33549727073401,0,0,0,0,0
58225,47.617361721952896,-122.33232991338998,0,0,0,0,0
58226,47.6173409002713,-122.33205520562001,0,0,0,0,0
58337,47.613850206494206,-122.32559750429701,1,0,0,0,0
58381,47.62037400044514,-122.3464589563615,0,0,0,0,0
58382,47.62032074501246,-122.346122843053,0,0,0,0,0
58401,47.6049434536436,-122.322773573027,0,0,0,0,0
58402,47.6049754245249,-122.322574069662,0,0,0,0,0
58406,47.6055789265475,-122.323139774131,0,0,0,0,0
58409,47.606338603703605,-122.32404801388802,0,0,0,0,0
58410,47.60639147847701,-122.32386759863701,0,0,0,0,0
58413,47.6083877292331,-122.325920547675,0,0,0,0,0
58414,47.608545447252105,-122.325812037881,0,0,0,0,0
58417,47.6152508104708,-122.33221547887501,0,0,0,0,0
58418,47.61533204802429,-122.332008469847,0,0,0,0,0
58421,47.622594992503345,-122.3372850166715,0,0,0,0,0
58422,47.6226241007277,-122.337009045199,0,0,0,0,0
58442,47.62081034847011,-122.344263928157,0,0,0,0,0
58445,47.6209530433716,-122.339055778487,0,0,0,0,0
58446,47.620793474571705,-122.33890526745199,0,0,0,0,0
58449,47.6209453670449,-122.33637718258899,0,0,0,0,0
58450,47.620773513595104,-122.336594672654,0,0,0,0,0
58453,47.6209003588476,-122.333346727854,0,0,0,0,0
58454,47.62074549692,-122.333968484415,0,0,0,0,0
58473,47.6089976141115,-122.33651637908899,0,0,0,0,0
58474,47.60893654306021,-122.33624651436001,0,0,0,0,0
58489,47.6062529184822,-122.33971122317101,1,0,0,0,0
58490,47.606187255152506,-122.33957534875799,1,0,0,0,0
58493,47.6070793688259,-122.33777431670302,1,0,0,0,0
58494,47.606979987609996,-122.337688239399,1,0,0,0,0
58498,47.607396476674005,-122.336653049541,1,0,0,0,0
58501,47.60894380879301,-122.333387950709,1,0,0,0,0
58513,47.657932906267206,-122.31331864881201,1,0,0,0,0
58514,47.6579441614769,-122.313115433555,1,0,0,0,0
58574,47.62562918305419,-122.335128959421,0,0,0,0,0
58609,47.61375764411589,-122.351785350805,0,0,0,0,0
58610,47.6136463312958,-122.35158428084499,0,0,0,0,0
58613,47.61492739266839,-122.35027059616999,0,0,0,0,0
58614,47.6148951466908,-122.349967523536,1,0,0,0,0
58617,47.615556936875294,-122.34943501061001,0,0,0,0,0
58618,47.6155033097706,-122.34920283347999,0,0,0,0,0
58621,47.616343548458396,-122.348413306553,0,0,0,0,0
58622,47.616255373249395,-122.348214960372,0,0,0,0,0
58629,47.6106087941795,-122.343341181751,1,0,0,0,0
58633,47.6109000109754,-122.342969392756,0,0,0,0,0
58641,47.6166682398441,-122.335520811947,0,0,0,0,0
58645,47.61810537726439,-122.333672839057,0,0,0,0,0
58646,47.6179518023611,-122.333548297498,0,0,0,0,0
58677,47.6131870193834,-122.35083284750002,0,0,0,0,0
58681,47.6144446504831,-122.349205787968,1,0,0,0,0
58682,47.614342042127504,-122.349069200394,1,0,0,0,0
58685,47.61578849007019,-122.34748048255399,0,0,0,0,0
58686,47.615536722534294,-122.347514925246,0,0,0,0,0
58797,47.6031342330423,-122.336483986968,0,0,0,0,0
58798,47.60321527068171,-122.33626735570299,0,0,0,0,0
58801,47.6052906872857,-122.338461740101,0,0,0,0,0
58802,47.6053981566396,-122.338274050588,0,0,0,0,0
58805,47.610906099623,-122.34450471094502,1,0,0,0,0
58806,47.6109790040281,-122.344276720732,1,0,0,0,0
58809,47.6115522818461,-122.345592397176,0,0,0,0,0
58810,47.6116993732839,-122.345496272336,1,0,0,0,0
58813,47.615814734942894,-122.35278886556202,0,0,0,0,0
58814,47.6159119396245,-122.35262059783899,0,0,0,0,0
58817,47.616706568302895,-122.35434396284501,1,0,0,0,0
58818,47.616633320274204,-122.35383130101499,1,0,0,0,0
58829,47.6194336763457,-122.338611345212,0,0,0,0,0
58833,47.62126954717945,-122.3385918589215,1,0,0,0,0
58846,47.63500460287379,-122.34008127415899,0,0,0,0,0
59013,47.6807495226305,-122.32494402028601,1,0,0,0,0
59014,47.680845682076,-122.32481385136902,1,0,0,0,0
59038,47.62247526972219,-122.33032202678801,0,0,0,0,0
59041,47.623794717365094,-122.33053765945401,0,0,0,0,0
59042,47.6236244235859,-122.330337532305,0,0,0,0,0
59045,47.626407979515704,-122.33094945241601,0,0,0,0,0
59046,47.62636222401979,-122.330746323223,0,0,0,0,0
59049,47.601818914050796,-122.33463363155799,0,0,0,0,0
59058,47.60164426078521,-122.333231021468,1,0,0,0,0
59062,47.601646045682685,-122.33258002814699,0,0,0,0,0
59166,47.60798351629911,-122.32030887204901,0,0,0,0,0
59246,47.6187009757041,-122.319014603141,0,0,0,0,0
59374,47.6805883727277,-122.325869073823,0,0,0,0,0
59593,47.6199802150634,-122.319932311216,0,0,0,0,0
59702,47.611560457345504,-122.31961284031401,1,0,0,0,0
59945,47.6199802459477,-122.321851742716,0,0,0,0,0
59949,47.6141605861001,-122.32588204362601,1,0,0,0,0
59950,47.6140067476075,-122.325940764592,1,0,0,0,0
59953,47.614168474415294,-122.324946715245,1,0,0,0,0
59954,47.614011669162906,-122.325041537879,1,0,0,0,0
59957,47.6141550657272,-122.32156627589501,1,0,0,0,0
59958,47.6139961256402,-122.32155571208901,1,0,0,0,0
59961,47.614171938748996,-122.318809294474,1,0,0,0,0
59962,47.614008376882204,-122.31867737031601,1,0,0,0,0
59965,47.614190820767604,-122.316149837531,1,0,0,0,0
59966,47.614026538337704,-122.31611902061,1,0,0,0,0
59994,47.615134366758795,-122.32731730420299,1,0,0,0,0
59997,47.615307804123894,-122.326253750591,1,0,0,0,0
60005,47.6153554034774,-122.31899404785901,1,1,0,0,1
60006,47.61518517729419,-122.318641610837,1,1,0,0,0
60009,47.61536305389689,-122.31754685839701,1,1,0,0,0
60010,47.615193002726706,-122.31755626404801,1,1,0,0,0
60013,47.6153538139073,-122.314558939803,0,0,0,0,0
60014,47.6152073632149,-122.31472252120199,0,0,0,0,0
60182,47.6210196703701,-122.32146654986201,1,0,0,0,0
60222,47.61292217319139,-122.32585337239401,0,0,0,0,0
60225,47.61305815531149,-122.322631316953,0,0,0,0,0
60234,47.612841120597,-122.31749049964199,1,0,0,0,0
62033,47.659862552801506,-122.31284712959,1,0,0,0,0
62034,47.659728624744396,-122.312426091873,0,0,0,0,0
62093,47.663182526822794,-122.31699746450701,1,0,0,0,0
62097,47.66317536915879,-122.31474941553002,0,0,0,0,0
62098,47.663030148869105,-122.314763429416,0,0,0,0,0
62457,47.67590127236685,-122.31646663452801,1,0,0,0,0
62458,47.675742415700995,-122.316485781305,1,0,0,0,0
63125,47.6525497508949,-122.3161733353862,0,0,0,0,0
63126,47.65230606466752,-122.3160134273505,0,0,0,0,0
63130,47.6559120255188,-122.312615063046,1,0,0,0,0
64317,47.6687651376054,-122.37948878952,1,0,0,0,0
64318,47.6685787587749,-122.379517712384,1,0,0,0,0
64321,47.66877366305909,-122.386873043587,0,0,0,0,0
64322,47.6685874661524,-122.38710787477899,0,0,0,0,0
65545,47.5992741801191,-122.334668215194,1,0,0,0,0
65546,47.5991264334487,-122.33484236561651,1,0,0,0,0
65801,47.600118991856185,-122.33466172393801,1,0,0,0,0
65802,47.59997106164074,-122.334732974454,1,0,0,0,0
65805,47.6001234222332,-122.33376777529101,1,0,0,0,0
65806,47.5999644039686,-122.33375183723999,1,0,0,0,0
65813,47.600117919721605,-122.326922971564,1,0,0,0,0
65814,47.59995378690721,-122.32715404288,1,0,0,0,0
65817,47.60011682940701,-122.324510354869,0,0,0,0,0
65818,47.59993582849665,-122.32447465978349,0,0,0,0,0
66613,47.5975933252136,-122.325566810334,1,0,0,0,0
66614,47.5974348191916,-122.32586638622601,1,0,0,0,0
66617,47.597597114056995,-122.32461727678101,1,0,0,0,0
66618,47.59742698491261,-122.324535539069,1,0,0,0,0
66622,47.59741568281879,-122.32317427854102,0,0,0,0,0
68549,47.6198450899375,-122.35745355829901,0,0,0,0,0
68550,47.6197053337595,-122.357467109961,0,0,0,0,0
68905,47.6020452715929,-122.334298879231,0,0,0,0,0
68910,47.6074946296344,-122.338657293996,1,0,0,0,0
68914,47.610109733273895,-122.34104943517,1,0,0,0,0
68917,47.615420362113106,-122.350174644515,0,0,0,0,0
68921,47.616048296611794,-122.35123640200399,0,0,0,0,0
68922,47.61622407097509,-122.351127163675,0,0,0,0,0
68929,47.62508247969079,-122.35548098355451,1,0,0,0,0
69081,47.5995331303739,-122.33430436774401,1,0,0,0,0
69082,47.599721380424796,-122.334060480567,1,0,0,0,0
69085,47.598786778757706,-122.33432738125,1,0,0,0,0
69086,47.59878634823979,-122.334072033321,1,0,0,0,0
69089,47.6126630120236,-122.319528524253,1,0,0,0,0
69090,47.6124749701186,-122.31927268285,1,0,0,0,0
69093,47.613256441367,-122.319563700913,1,0,0,0,0
69094,47.61341346067571,-122.31930993560199,1,0,0,0,0
69098,47.594155167440434,-122.334030009295,1,0,0,0,0
69133,47.61937821812611,-122.35814534080099,1,0,0,0,0
69134,47.619448510509606,-122.35796630998199,0,0,0,0,0
69278,47.612577877187604,-122.31798753996999,1,0,0,0,0
69281,47.61370210941979,-122.31826443305401,1,0,0,0,0
69282,47.6131183970873,-122.317983459736,1,0,0,0,0
69305,47.662222518225796,-122.31658574136101,0,0,0,0,0
69306,47.662092561932106,-122.31639641941065,0,0,0,0,0
69437,47.607695050833705,-122.31690161749701,0,0,0,0,0
69441,47.611871558119105,-122.31693050753799,1,0,0,0,0
69442,47.61192753679549,-122.316660939984,1,0,0,0,0
69445,47.6134894356421,-122.31700331269501,1,0,0,0,0
69446,47.6135066042127,-122.31670019434502,1,0,0,0,0
69485,47.6565770589788,-122.315647350569,0,0,0,0,0
69489,47.66404169729065,-122.31536802598326,0,0,0,0,0
70501,47.60715308556915,-122.30903322537337,0,0,0,0,0
70725,47.601992768561885,-122.33240528149,1,0,0,0,0
70730,47.604950615366285,-122.334776309539,1,0,0,0,0
70734,47.605560359534906,-122.335334035958,0,0,0,0,0
70737,47.6068085768841,-122.33680010725502,1,0,0,0,0
70738,47.6069618669174,-122.336625734371,1,0,0,0,0
70741,47.61041000227459,-122.340104558435,0,0,0,0,0
70745,47.6118128763838,-122.342106140613,0,0,0,0,0
70746,47.612217875298796,-122.34237218695499,0,0,0,0,0
70750,47.61300548625171,-122.34371317015301,1,0,0,0,0
70753,47.6148946273959,-122.347320314194,0,0,0,0,0
70754,47.6151513214434,-122.347347875482,0,0,0,0,0
70757,47.6171014500957,-122.351039885049,0,0,0,0,0
70758,47.617456232628605,-122.351233430593,0,0,0,0,0
70762,47.61920623936879,-122.352676457009,0,0,0,0,0
70865,47.598775856946105,-122.33170479469901,1,0,0,0,0
70866,47.5987330673053,-122.331441486157,1,0,0,0,0
71289,47.66973809608879,-122.38486029910702,1,0,0,0,0
71290,47.669735359008996,-122.384620836684,1,0,0,0,0
71574,47.6697801369345,-122.387449302034,0,0,0,0,0
72329,47.6174362072848,-122.349592820914,0,0,0,0,0
72330,47.6174419203334,-122.349220541072,0,0,0,0,0
72333,47.6184230706272,-122.35129320517599,0,0,0,0,0
74025,47.6134123433304,-122.340821694004,0,0,0,0,0
74026,47.613501241486205,-122.34057783821899,0,0,0,0,0
74029,47.614200832042705,-122.34216156206499,1,0,0,0,0
74030,47.6144684315739,-122.342189160457,1,0,0,0,0
74033,47.61635115942949,-122.345805620886,0,0,0,0,0
74034,47.6165674693294,-122.345740379985,0,0,0,0,0
75149,47.6025387176212,-122.32826999182699,0,0,0,0,0
75153,47.60669884986859,-122.33205581638701,0,0,0,0,0
75169,47.61554189822039,-122.3424532012,1,0,0,0,0
75170,47.615750633366794,-122.342387507388,0,0,0,0,0
75173,47.62034192796129,-122.347727533067,0,0,0,0,0
75281,47.5978148876914,-122.327770867071,0,0,0,0,0
75282,47.5979264711555,-122.327571663593,0,0,0,0,0
75769,47.605912607712604,-122.329810904389,0,0,0,0,0
75777,47.608790261890405,-122.33243543961001,0,0,0,0,0
75778,47.60863326078729,-122.33204741167101,0,0,0,0,0
75781,47.61061929576675,-122.334124022895,0,0,0,0,0
75785,47.6176416352245,-122.34400663573999,0,0,0,0,0
75786,47.6178231751413,-122.34391949126699,0,0,0,0,0
75865,47.59805213404671,-122.326466374643,0,0,0,0,0
75866,47.597942505301894,-122.326264141508,0,0,0,0,0
76033,47.60488106168489,-122.32733303847401,0,0,0,0,0
76034,47.6050210537313,-122.327213221103,0,0,0,0,0
76038,47.60714535590501,-122.32916168697001,0,0,0,0,0
76042,47.6077803374077,-122.32974728291799,0,0,0,0,0
76045,47.611103051083404,-122.33301759565201,1,0,0,0,0
76046,47.6111597154092,-122.332835850843,1,0,0,0,0
76050,47.61207019204579,-122.333668143174,1,0,0,0,0
76058,47.617666137507804,-122.341651589267,0,0,0,0,0
76101,47.5997000094721,-122.32388584111999,0,0,0,0,0
76102,47.59958335162919,-122.323618789248,0,0,0,0,0
76105,47.598754444853704,-122.323877617451,1,0,0,0,0
76106,47.598603672170604,-122.323626986072,1,0,0,0,0
76186,47.60909931191279,-122.32943664792,0,0,0,0,0
76193,47.61616101578571,-122.337540874209,0,0,0,0,0
76194,47.61607403923429,-122.337024813617,0,0,0,0,0
76197,47.6202697112443,-122.341199352671,0,0,0,0,0
76198,47.62028246065601,-122.34096811370199,0,0,0,0,0
76201,47.6226424828846,-122.341186563317,0,0,0,0,0
76202,47.6225812692513,-122.340935709275,0,0,0,0,0
76357,47.597123843927704,-122.32259111793199,0,0,0,0,0
76358,47.59708780444849,-122.322315661736,0,0,0,0,0
76398,47.603112989038706,-122.322391842283,0,0,0,0,0
76405,47.607228478614594,-122.32641923363,0,0,0,0,0
76406,47.6074457240256,-122.326341552654,1,0,0,0,0
76409,47.6079587971066,-122.327092379222,1,0,0,0,0
76410,47.6080918231555,-122.32692806917801,1,0,0,0,0
76413,47.60878389679039,-122.32784684421699,0,0,0,0,0
76414,47.608830844928704,-122.32760381418501,0,0,0,0,0
76417,47.6094070101603,-122.32841632976401,0,0,0,0,0
76429,47.6203730891257,-122.33987843874901,0,0,0,0,0
76433,47.622804146364594,-122.339859854629,0,0,0,0,0
76434,47.6227076716767,-122.339649731926,0,0,0,0,0
76614,47.6034535439122,-122.338044880303,0,0,0,0,0
76617,47.6049343422927,-122.339687639022,1,0,0,0,0
76618,47.60489576412901,-122.339347423473,1,0,0,0,0
76621,47.6096081271463,-122.345863004835,0,0,0,0,0
76622,47.609799879174005,-122.345757188324,0,0,0,0,0
76625,47.61392847888151,-122.3534257744665,0,0,0,0,0
76626,47.613788344309796,-122.352741006245,0,0,0,0,0
76713,47.62718674250879,-122.34269392725099,0,0,0,0,0
76714,47.627094613580006,-122.34292124346099,0,0,0,0,0
76717,47.62721453354519,-122.34137323929899,0,0,0,0,0
76718,47.627056676186506,-122.34170014007799,0,0,0,0,0
76721,47.6269360181604,-122.32997051312,0,0,0,0,0
76722,47.62680878733301,-122.33009350416002,0,0,0,0,0
76961,47.66589651474236,-122.3827502090725,1,0,0,0,0
76962,47.6660428910561,-122.38261148989099,1,0,0,0,0
76985,47.615170624204396,-122.346668635564,1,0,0,0,0
76986,47.6150128953146,-122.34650639560199,1,0,0,0,0
76989,47.6170628917972,-122.344232240489,0,0,0,0,0
76990,47.617011280770996,-122.34393277341101,0,0,0,0,0
76994,47.617803998801,-122.342922912383,0,0,0,0,0
77118,47.614197675606796,-122.345309214953,1,0,0,0,0
77122,47.616221602176196,-122.34269625765499,0,0,0,0,0
77125,47.617002670062504,-122.34195503101002,0,0,0,0,0
77126,47.616930914560605,-122.341778504525,0,0,0,0,0
77129,47.61770010873779,-122.341052415095,0,0,0,0,0
77130,47.6176036834925,-122.340907816244,0,0,0,0,0
77217,47.613751711915,-122.34388835210599,1,0,0,0,0
77218,47.6135109438825,-122.343892682901,1,0,0,0,0
77221,47.6149086188546,-122.342375632554,1,0,0,0,0
77222,47.6149259016144,-122.34207326053301,1,0,0,0,0
77225,47.615677181457905,-122.34138173109501,0,0,0,0,0
77226,47.61570908933479,-122.34103341544201,0,0,0,0,0
77229,47.6163409977445,-122.340523080017,0,0,0,0,0
77261,47.61802662995999,-122.334721484046,1,0,0,0,0
77262,47.618231743921896,-122.334726728203,1,0,0,0,0
77265,47.6189677871707,-122.33601042321399,0,0,0,0,0
77313,47.611699720659104,-122.322804183216,0,0,0,0,0
77314,47.611818578263104,-122.322688762309,0,0,0,0,0
77317,47.614618667513504,-122.323497313126,0,0,0,0,0
77349,47.6172456460431,-122.352260880947,0,0,0,0,0
77382,47.612479075345,-122.31979112443899,1,0,0,0,0
77389,47.6590590705229,-122.314445578167,0,0,0,0,0
77390,47.65884995074994,-122.314240033655,1,0,0,0,0
77545,47.60331133756855,-122.33269799762152,0,0,0,0,0
77546,47.603161889176995,-122.332646817045,1,0,0,0,0
77549,47.6038373613606,-122.33142553997801,1,0,0,0,0
77550,47.6036778439653,-122.33139843173402,1,0,0,0,0
77557,47.606448033904705,-122.325143982974,0,0,0,0,0
77558,47.6064258133668,-122.32485790817002,0,0,0,0,0
77561,47.60753740949221,-122.322553145397,0,0,0,0,0
77562,47.60734791405089,-122.32263625386999,0,0,0,0,0
77569,47.6154301316831,-122.352916695497,0,0,0,0,0
77570,47.61532182375179,-122.35271206151602,0,0,0,0,0
77573,47.6161358208113,-122.352004095732,0,0,0,0,0
77574,47.61596247694185,-122.3519104819315,0,0,0,0,0
77609,47.6044150131007,-122.332386218302,0,0,0,0,0
77610,47.6044580469788,-122.3318981095,0,0,0,0,0
77613,47.6053584977009,-122.330130876255,1,0,0,0,0
77618,47.606211664930285,-122.327744185781,0,0,0,0,0
77982,47.6269151843186,-122.342190701911,0,0,0,0,0
77985,47.628550040045496,-122.34243978812302,0,0,0,0,0
77986,47.628570875421104,-122.34218815928001,0,0,0,0,0
77989,47.630187692385206,-122.34242518156002,0,0,0,0,0
77990,47.6299242445758,-122.342176083127,0,0,0,0,0
77994,47.631025345332496,-122.342166452696,0,0,0,0,0
78041,47.6179901657965,-122.35361661987899,0,0,0,0,0
78042,47.6179354353082,-122.353364287138,0,0,0,0,0
78065,47.618316081366,-122.329260024132,1,0,0,0,0
78069,47.618987714883005,-122.329268617913,1,0,0,0,0
78073,47.62339329743379,-122.329295935283,1,0,0,0,0
78114,47.6090736614385,-122.34333171841999,0,0,0,0,0
78117,47.613570741386205,-122.35101971934401,0,0,0,0,0
78118,47.613784747172794,-122.35096286912399,0,0,0,0,0
78122,47.6148026795541,-122.35270289029499,0,0,0,0,0
78701,47.62212333956301,-122.337667655387,0,0,0,0,0
78702,47.621954034985286,-122.33785071800101,0,0,0,0,0
78705,47.6221171852473,-122.335479337144,0,0,0,0,0
78781,47.622151135608185,-122.342929404391,0,0,0,0,0
78933,47.615856861773395,-122.331983216428,0,0,0,0,0
78934,47.6157133887655,-122.33188923003,0,0,0,0,0
79014,47.6051120332512,-122.323303027515,0,0,0,0,0
79021,47.61982102396409,-122.344429019023,1,0,0,0,0
79022,47.6196347533188,-122.344470862351,1,0,0,0,0
79025,47.619787188476295,-122.33904936569999,0,0,0,0,0
79026,47.61962323831389,-122.33919035785601,0,0,0,0,0
79029,47.6197435385769,-122.333912988146,0,0,0,0,0
79030,47.619583898833504,-122.33362680626001,0,0,0,0,0
79033,47.61974826546761,-122.332484094936,0,0,0,0,0
79034,47.6195836017163,-122.332549704638,0,0,0,0,0
79041,47.61975985291949,-122.32986657133999,0,0,0,0,0
79042,47.6195912046608,-122.329974489797,0,0,0,0,0
79354,47.6126752522591,-122.342688400643,0,0,0,0,0
79358,47.6134862656605,-122.34163397270099,0,0,0,0,0
79362,47.6153524002299,-122.33922005488199,0,0,0,0,0
79365,47.617702723166,-122.33650968312901,1,0,0,0,0
79558,47.604011544841,-122.33768042436,0,0,0,0,0
79566,47.6053383598242,-122.3345088226165,1,0,0,0,0
79570,47.6061569524436,-122.33255138157601,0,0,0,0,0
79574,47.6071956028794,-122.33003031607201,0,0,0,0,0
79578,47.6090281712067,-122.325663864494,0,0,0,0,0
79649,47.6047403961197,-122.33396648283801,1,0,0,0,0
79653,47.606207362929204,-122.33045845535601,0,0,0,0,0
79654,47.6059822074814,-122.33061142823,0,0,0,0,0
79657,47.60714898290009,-122.328237948312,0,0,0,0,0
79658,47.606968612916404,-122.328229864592,0,0,0,0,0
79674,47.598720616574894,-122.324972011916,1,0,0,0,0
79677,47.59792855465889,-122.325177893225,1,0,0,0,0
79678,47.59793631546739,-122.324942781752,1,0,0,0,0
79681,47.596215389588394,-122.325168365256,0,0,0,0,0
79741,47.61451681569671,-122.328013777022,1,0,0,0,0
79742,47.6145697792173,-122.32779389211599,1,0,0,0,0
79765,47.6246663159054,-122.355876056331,1,0,0,0,0
79766,47.62449296552696,-122.3560794944335,1,0,0,0,0
79778,47.62445625971179,-122.33889476973499,0,0,0,0,0
79785,47.6243308369516,-122.332307860598,0,0,0,0,0
79786,47.6241987252573,-122.33250515258499,0,0,0,0,0
79789,47.6243374946626,-122.32975586412701,0,0,0,0,0
79790,47.6242220045423,-122.32989055784901,0,0,0,0,0
79881,47.6115837934939,-122.32576300761002,1,0,0,0,0
79882,47.6116436882825,-122.325588981903,1,0,0,0,0
79885,47.6125833084196,-122.326703451016,0,0,0,0,0
79886,47.61259684004909,-122.326465098537,0,0,0,0,0
79890,47.616552774870605,-122.33006283003802,0,0,0,0,0
80001,47.597531657353294,-122.33340265469499,1,0,0,0,0
80002,47.596073503081506,-122.33310929487301,1,0,0,0,0
80017,47.6135342928768,-122.33554931771201,0,0,0,0,0
80021,47.6137860560935,-122.33493812899201,0,0,0,0,0
80030,47.6152582583633,-122.33098718161699,0,0,0,0,0
80177,47.608190999052,-122.342186174653,0,0,0,0,0
80185,47.6137594868018,-122.328450776421,0,0,0,0,0
80186,47.6137009189853,-122.328097903496,0,0,0,0,0
80193,47.608809553629,-122.343521758918,0,0,0,0,0
80194,47.60875924944321,-122.34322389324,0,0,0,0,0
80198,47.6094915662281,-122.341463486178,1,0,0,0,0
80222,47.614994337152794,-122.32828900428,1,0,0,0,0
80273,47.620353343965185,-122.356839970084,0,0,0,0,0
80274,47.62033494046185,-122.356645465617,0,0,0,0,0
80277,47.62152776511889,-122.356831194934,1,0,0,0,0
80278,47.621529796788906,-122.35663653963002,1,0,0,0,0
80537,47.6233496468412,-122.35503808550399,0,0,0,0,0
80538,47.62318185480479,-122.354885829479,0,0,0,0,0
80541,47.62333820708174,-122.348122215366,0,0,0,0,0
80542,47.623209612013206,-122.34839986089001,0,0,0,0,0
80545,47.6232958660742,-122.340364408675,0,0,0,0,0
80550,47.6231487949435,-122.339161923105,0,0,0,0,0
80553,47.6231865354195,-122.33228478597799,0,0,0,0,0
80554,47.6230544950957,-122.33244568139601,0,0,0,0,0
80570,47.6578791470918,-122.31769533769301,0,0,0,0,0
80594,47.67457492138414,-122.3172658227615,1,0,0,0,0
80597,47.676157050362605,-122.317465164649,1,0,0,0,0
80598,47.676221282842995,-122.31725902241199,1,0,0,0,0
80641,47.6255216489836,-122.35488704682702,0,0,0,0,0
80645,47.6255018797384,-122.34959220318001,0,0,0,0,0
80657,47.6681854909986,-122.382693374118,1,0,0,0,0
80658,47.6682811106769,-122.382489620368,1,0,0,0,0
80730,47.605739110885295,-122.33831903957899,0,0,0,0,0
80741,47.61063027004101,-122.326991017061,0,0,0,0,0
80742,47.610485504459604,-122.326882427285,0,0,0,0,0
80745,47.611471177241796,-122.324941897301,1,0,0,0,0
80746,47.611365421885395,-122.324778572871,1,0,0,0,0
80829,47.6048652282617,-122.338385779874,0,0,0,0,0
80833,47.6056834624217,-122.3364184258065,0,0,0,0,0
80834,47.605622605019505,-122.336194109734,0,0,0,0,0
80837,47.6080334841759,-122.33086370876902,0,0,0,0,0
80841,47.611219468012706,-122.323176695958,0,0,0,0,0
80842,47.611188497254496,-122.322873074093,0,0,0,0,0
80878,47.6097654967022,-122.341901917901,1,0,0,0,0
80881,47.612557814144296,-122.33855275338502,0,0,0,0,0
80882,47.612612050728394,-122.33815953166099,0,0,0,0,0
80889,47.615399794159394,-122.33486751654301,0,0,0,0,0
80893,47.6161677676759,-122.333874055627,0,0,0,0,0
80894,47.6159566759104,-122.33384545068998,0,0,0,0,0
80945,47.61133604711701,-122.324019696725,0,0,0,0,0
80946,47.6113134017517,-122.323751103422,0,0,0,0,0
80949,47.6146434002139,-122.325630848854,1,0,0,0,0
80950,47.614704953810794,-122.32540459282,1,0,0,0,0
80953,47.616025421126395,-122.32566473889601,0,0,0,0,0
80954,47.6159845003239,-122.325416888305,0,0,0,0,0
81065,47.61839596729239,-122.346481016767,0,0,0,0,0
81066,47.6183451831339,-122.34617472712401,0,0,0,0,0
81105,47.6045349438174,-122.322641278538,0,0,0,0,0
81113,47.618154789398794,-122.33693305761001,1,0,0,0,0
81114,47.618133882223006,-122.33650277714399,1,0,0,0,0
81117,47.6237630332184,-122.337255478843,0,0,0,0,0
81118,47.62360889031421,-122.337001250261,0,0,0,0,0
81126,47.6208139279609,-122.343184013715,0,0,0,0,0
81130,47.62079803452121,-122.341612567694,0,0,0,0,0
81134,47.6207388921113,-122.33118637690599,0,0,0,0,0
81185,47.607561912719405,-122.339919574638,0,0,0,0,0
81190,47.609942564057796,-122.333850961299,0,0,0,0,0
81194,47.6102728818911,-122.333046402893,0,0,0,0,0
81198,47.612679521934005,-122.32734795398301,0,0,0,0,0
81205,47.61225368881579,-122.325452925419,0,0,0,0,0
81206,47.612157812461795,-122.325289113347,1,0,0,0,0
81209,47.660828999482355,-122.31325485478352,1,0,0,0,0
81210,47.660447509292794,-122.3130416396005,1,0,0,0,0
81241,47.625839063505104,-122.336427078961,0,0,0,0,0
81242,47.625630941670195,-122.336491294976,0,0,0,0,0
81246,47.625866681149596,-122.33355996999599,0,0,0,0,0
81249,47.62603928133161,-122.330544259021,0,0,0,0,0
81289,47.616923265903594,-122.347674763892,0,0,0,0,0
81290,47.6168157844105,-122.34747444768699,0,0,0,0,0
81293,47.61761450210079,-122.346808440396,0,0,0,0,0
81294,47.6174854334832,-122.346636014563,0,0,0,0,0
81297,47.612680046845504,-122.340700046857,0,0,0,0,0
81305,47.6172773848861,-122.334765239151,1,0,0,0,0
81342,47.617642595059394,-122.344806694585,0,0,0,0,0
81421,47.6237736745819,-122.35421444466002,1,0,0,0,0
81422,47.6241370725496,-122.354004696464,1,0,0,0,0
81453,47.61834333255801,-122.35424689206499,0,0,0,0,0
81454,47.618099460358,-122.354054294149,0,0,0,0,0
81477,47.608741300164006,-122.341618722413,1,0,0,0,0
81478,47.608865971172705,-122.341451554501,1,0,0,0,0
81481,47.6121062892727,-122.346541769181,0,0,0,0,0
81482,47.61212324745971,-122.346194769447,0,0,0,0,0
81493,47.62235221597339,-122.338599182185,1,0,0,0,0
81494,47.622228101770894,-122.33832038487,1,0,0,0,0
81497,47.626244847044795,-122.33914648041201,0,0,0,0,0
81510,47.63044350845175,-122.340639682618,0,0,0,0,0
81685,47.618003672931096,-122.330752037531,0,0,0,0,0
81686,47.617861964484604,-122.330075109384,0,0,0,0,0
81694,47.6214331804187,-122.330320975552,0,0,0,0,0
81705,47.601786191243704,-122.331174454474,0,0,0,0,0
81706,47.6016493693507,-122.331328619437,0,0,0,0,0
82014,47.6219308238921,-122.320466401012,1,0,0,0,0
82222,47.61348159003921,-122.31498814101002,1,0,0,0,0
82362,47.6241939291778,-122.320268657976,0,0,0,0,0
82489,47.6141543555702,-122.32749306524099,1,0,0,0,0
82490,47.6140109868495,-122.327212540046,1,0,0,0,0
82654,47.62517929849739,-122.320490020196,0,0,0,0,0
82673,47.6122509214941,-122.318906020697,1,0,0,0,0
82674,47.61211030142201,-122.319069797379,1,0,0,0,0
82833,47.60177663360379,-122.320462289767,0,0,0,0,0
82834,47.601622968551396,-122.320382065895,0,0,0,0,0
83222,47.6503333117392,-122.349060851045,1,0,0,0,0
83242,47.65134077609226,-122.35053283429251,0,0,0,0,0
84641,47.6554296912253,-122.31390160917,0,0,0,0,0
84653,47.65690611048501,-122.313749608166,1,0,0,0,0
84654,47.6567795828761,-122.31371656005702,1,0,0,0,0
84689,47.658393638720796,-122.313835932213,1,0,0,0,0
84690,47.658251175977796,-122.313845720072,1,0,0,0,0
84789,47.66316384680589,-122.31361021557899,0,0,0,0,0
84790,47.6630274788731,-122.31371338363303,0,0,0,0,0
85149,47.675061919397535,-122.317987784332,0,0,0,0,0
85150,47.67490314450525,-122.318036038671,0,0,0,0,0
85381,47.6804674871196,-122.325273332431,1,0,0,0,0
85382,47.6803448473756,-122.32512517813299,1,0,0,0,0
85385,47.680743549700956,-122.32391230205099,0,0,0,0,0
85386,47.68072067389421,-122.323222779477,0,0,0,0,0
86057,47.679305514998795,-122.324986590023,0,0,0,0,0
86449,47.669527091792666,-122.3860512854433,1,0,0,0,0
86450,47.66937636877807,-122.38609763121536,1,0,0,0,0
87253,47.668769617164095,-122.382739827561,1,0,0,0,0
87254,47.668582894851596,-122.38243723785801,1,0,0,0,0
87257,47.6687704797753,-122.38360893584101,1,0,0,0,0
87258,47.66858386252271,-122.38341117704302,1,0,0,0,0
87281,47.666595913313294,-122.382995189381,0,0,0,0,0
87282,47.66649249013471,-122.382868217946,0,0,0,0,0
87285,47.6662257905991,-122.383644791521,0,0,0,0,0
87286,47.666133015131905,-122.383504526803,1,0,0,0,0
88546,47.599090109990186,-122.325568785249,0,0,0,0,0
88629,47.598369259422704,-122.331022640596,0,0,0,0,0
88630,47.59820766480539,-122.331156475365,0,0,0,0,0
88633,47.59842091538779,-122.32538573505,0,0,0,0,0
88634,47.5982844016887,-122.32576603380902,0,0,0,0,0
88773,47.600118754268294,-122.32569026713101,1,0,0,0,0
88774,47.599951411145604,-122.325618122568,1,0,0,0,0
89525,47.60095468966279,-122.33236332352301,0,0,0,0,0
89526,47.6008061511652,-122.332085127343,1,0,0,0,0
91545,47.6221769529219,-122.35745643231,1,0,0,0,0
91546,47.622039009349095,-122.357231192966,1,0,0,0,0
91829,47.625791107389496,-122.358391773645,1,0,0,0,0
94421,47.608377786958705,-122.34229891048099,0,0,0,0,0
94602,47.62674529185525,-122.3336429663575,0,0,0,0,0
94611,47.62826155644556,-122.331719159773,0,0,0,0,0
94612,47.629307191882,-122.33038397219049,0,0,0,0,0
94651,47.604255307892245,-122.33043419066351,1,0,0,0,0
94677,47.6274825222147,-122.332689859232,0,0,0,0,0
94731,47.667551339289105,-122.39735562919765,0,0,0,0,0
94732,47.66737084548,-122.39715127367765,0,0,0,0,0
94736,47.6673885981543,-122.39901851246634,0,0,0,0,0
95288,47.600647015968796,-122.314131551353,0,0,0,0,1
102621,47.60543434065301,-122.320748929777,0,0,0,0,0
102632,47.6141194269244,-122.32078105870899,1,0,0,0,0
104508,47.627689129394795,-122.332201678981,0,0,0,0,0
115112,47.59920432378961,-122.333848491305,1,0,0,0,0
115118,47.599194368344705,-122.32733127748199,0,0,0,0,0
115121,47.5991879116352,-122.32338633187099,1,0,0,0,0
115124,47.5991983248431,-122.315858222883,0,0,0,0,0
117879,47.6534706378286,-122.31737207891899,1,0,0,0,0
117932,47.653552966329,-122.31760364595101,1,0,0,0,0
119444,47.5975881633107,-122.32302661235201,1,0,0,0,0
120102,47.6282383232907,-122.32940587261999,0,0,0,0,0
120105,47.629890296851464,-122.32855703881069,0,0,0,0,0
120107,47.62986830358175,-122.328258874143,0,0,0,0,0
120166,47.62951867927179,-122.340634373177,0,0,0,0,0
120175,47.63204466981385,-122.34059219064702,0,0,0,0,0
120200,47.635977989102535,-122.3400985858625,0,0,0,0,0
120222,47.6342278431647,-122.340063084165,0,0,0,0,0
120240,47.63766545432409,-122.34026388863902,0,0,0,0,0
120403,47.5982792938989,-122.32434431694,1,0,0,0,0
120527,47.63278229247625,-122.34042068589198,0,0,0,0,0
121921,47.61190272808501,-122.34746344442199,0,0,0,0,0
123744,47.59842184125269,-122.324335898823,1,0,0,0,0
123942,47.61310296495339,-122.331775671863,1,0,0,0,0
123943,47.61318136431721,-122.331604278305,1,0,0,0,0
129888,47.6261564314142,-122.337073668992,0,0,0,0,0
130708,47.66041119112965,-122.31650047890301,0,0,0,0,0
130793,47.6246857326239,-122.340449719226,0,0,0,0,0
130799,47.6247562329476,-122.33777919579302,0,0,0,0,0
130802,47.6247493380925,-122.336483923103,0,0,0,0,0
132441,47.6179038113849,-122.338485045512,0,0,0,0,0
134101,47.616824738919895,-122.32013056529101,0,1,0,1,0
134961,47.627855871264,-122.342445950408,0,0,0,0,0
134962,47.6276496087268,-122.34219634303699,0,0,0,0,0
134965,47.629229653767005,-122.342182290069,0,0,0,0,0
135261,47.6139774408379,-122.313813683052,1,0,0,0,0
